player_id,name,position,team,age,draft_round,draft_pick,contract_yrs_left,guarantees_usd
00-0023459,Aaron Rodgers,QB,NYJ,40.0,1,24,0,0.0
00-0024243,Marcedes Lewis,TE,CHI,40.0,1,28,0,0.0
00-0026143,Matt Ryan,QB,ATL,39.0,1,3,0,0.0
00-0026158,Joe Flacco,QB,IND,39.0,1,18,0,0.0
00-0026300,Josh Johnson,QB,BAL,38.0,6,160,0,0.0
00-0026498,Matthew Stafford,QB,LA,36.0,1,1,0,0.0
00-0027973,Andy Dalton,QB,CAR,36.0,2,35,0,0.0
00-0028118,Tyrod Taylor,QB,NYJ,35.0,6,180,0,0.0
00-0028986,Case Keenum,QB,HOU,36.0,0,0,0,0.0
00-0029263,Russell Wilson,QB,PIT,35.0,3,75,0,0.0
00-0029604,Kirk Cousins,QB,ATL,36.0,4,102,0,0.0
00-0029892,Kyle Juszczyk,RB,SF,33.0,5,130,0,0.0
00-0030035,Adam Thielen,WR,CAR,34.0,0,0,0,0.0
00-0030061,Zach Ertz,TE,WAS,33.0,2,35,0,0.0
00-0030279,Keenan Allen,WR,CHI,32.0,3,76,0,0.0
00-0030431,Robert Woods,WR,HOU,32.0,2,41,0,0.0
00-0030506,Travis Kelce,TE,KC,34.0,2,63,0,0.0
00-0030564,DeAndre Hopkins,WR,KC,32.0,1,27,0,0.0
00-0030565,Geno Smith,QB,SEA,33.0,2,39,0,0.0
00-0030578,Cordarrelle Patterson,RB,PIT,33.0,1,29,0,0.0
00-0031235,Odell Beckham Jr.,WR,MIA,31.0,1,12,0,0.0
00-0031236,Brandin Cooks,WR,DAL,30.0,1,20,0,0.0
00-0031237,Teddy Bridgewater,QB,DET,31.0,2,32,0,0.0
00-0031260,Logan Thomas,TE,SF,33.0,4,120,0,0.0
00-0031280,Derek Carr,QB,NO,33.0,2,36,0,0.0
00-0031299,Jordan Matthews,TE,CAR,32.0,2,42,0,0.0
00-0031345,Jimmy Garoppolo,QB,LA,32.0,2,62,0,0.0
00-0031373,Martavis Bryant,WR,WAS,32.0,4,118,0,0.0
00-0031381,Davante Adams,WR,NYJ,31.0,2,53,0,0.0
00-0031408,Mike Evans,WR,TB,31.0,1,7,0,0.0
00-0031428,Allen Robinson,WR,DET,31.0,2,61,0,0.0
00-0031484,Chris Manhertz,TE,NYG,32.0,0,0,0,0.0
00-0031503,Jameis Winston,QB,CLE,30.0,1,1,0,0.0
00-0031544,Amari Cooper,WR,BUF,30.0,1,4,0,0.0
00-0031547,DeVante Parker,WR,PHI,31.0,1,14,0,0.0
00-0031549,Nelson Agholor,WR,BAL,31.0,1,20,0,0.0
00-0031585,MyCole Pruitt,TE,PIT,32.0,5,143,0,0.0
00-0031588,Stefon Diggs,WR,HOU,30.0,5,146,0,0.0
00-0031595,Michael Burton,RB,DEN,32.0,6,168,0,0.0
00-0031610,Darren Waller,TE,NYG,31.0,7,204,0,0.0
00-0031687,Raheem Mostert,RB,MIA,32.0,0,0,0,0.0
00-0031690,Eric Tomlinson,TE,LAC,32.0,0,0,0,0.0
00-0031763,DeAndre Carter,WR,CHI,31.0,0,0,0,0.0
00-0031800,Taylor Heinicke,QB,LAC,31.0,0,0,0,0.0
00-0031868,Damiere Byrd,WR,BUF,31.0,0,0,0,0.0
00-0031941,Jamison Crowder,WR,WAS,31.0,4,105,0,0.0
00-0032104,Ameer Abdullah,RB,LV,31.0,2,54,0,0.0
00-0032128,Chris Conley,WR,SF,31.0,3,76,0,0.0
00-0032134,C.J. Uzomah,TE,PHI,31.0,5,157,0,0.0
00-0032141,Geoff Swaim,TE,CLE,30.0,7,246,0,0.0
00-0032156,Trevor Siemian,QB,TEN,32.0,7,250,0,0.0
00-0032208,Phillip Dorsett,WR,ATL,31.0,1,29,0,0.0
00-0032211,Tyler Lockett,WR,SEA,31.0,3,69,0,0.0
00-0032268,Marcus Mariota,QB,WAS,30.0,1,2,0,0.0
00-0032385,Sterling Shepard,WR,TB,31.0,2,40,0,0.0
00-0032392,Austin Hooper,TE,NE,29.0,3,81,0,0.0
00-0032394,Nick Vannett,TE,TEN,31.0,3,94,0,0.0
00-0032398,Chris Moore,WR,WAS,31.0,4,107,0,0.0
00-0032434,Brandon Allen,QB,SF,31.0,7,201,0,0.0
00-0032436,Jeff Driskel,QB,WAS,31.0,7,207,0,0.0
00-0032464,Kalif Raymond,WR,DET,30.0,0,0,0,0.0
00-0032543,Alex Erickson,WR,HOU,31.0,0,0,0,0.0
00-0032688,Robbie Chosen,WR,MIA,31.0,0,0,0,0.0
00-0032764,Derrick Henry,RB,BAL,30.0,2,45,0,0.0
00-0032775,Demarcus Robinson,WR,LA,29.0,4,126,0,0.0
00-0032791,Jakeem Grant,WR,ATL,31.0,6,186,0,0.0
00-0032792,Nate Sudfeld,QB,DET,30.0,6,187,0,0.0
00-0032918,C.J. Ham,RB,MIN,31.0,0,0,0,0.0
00-0032950,Carson Wentz,QB,KC,31.0,1,2,0,0.0
00-0032951,Laquon Treadwell,WR,IND,29.0,1,23,0,0.0
00-0032977,Rashard Higgins,WR,CLE,29.0,6,172,0,0.0
00-0033009,Tyler Boyd,WR,TEN,29.0,2,55,0,0.0
00-0033040,Tyreek Hill,WR,MIA,30.0,6,165,0,0.0
00-0033045,Ezekiel Elliott,RB,LAC,29.0,1,4,0,0.0
00-0033077,Dak Prescott,QB,DAL,31.0,5,135,0,0.0
00-0033090,Hunter Henry,TE,NE,29.0,2,35,0,0.0
00-0033106,Jared Goff,QB,DET,29.0,1,1,0,0.0
00-0033110,Tyler Higbee,TE,LA,31.0,4,110,0,0.0
00-0033119,Jacoby Brissett,QB,NE,31.0,3,91,0,0.0
00-0033217,Mo Alie-Cox,TE,IND,30.0,0,0,0,0.0
00-0033246,Johnny Mundt,TE,MIN,29.0,0,0,0,0.0
00-0033251,Zach Pascal,WR,ARI,29.0,0,0,0,0.0
00-0033275,PJ Walker,QB,SEA,29.0,0,0,0,0.0
00-0033280,Christian McCaffrey,RB,SF,28.0,1,8,0,0.0
00-0033282,Curtis Samuel,WR,BUF,28.0,2,40,0,0.0
00-0033288,George Kittle,TE,SF,30.0,5,146,0,0.0
00-0033292,Trent Taylor,WR,SF,30.0,6,177,0,0.0
00-0033293,Aaron Jones,RB,MIN,29.0,6,182,0,0.0
00-0033307,Kendrick Bourne,WR,NE,29.0,0,0,0,0.0
00-0033308,Matt Breida,RB,SF,29.0,0,0,0,0.0
00-0033319,Nick Mullens,QB,MIN,29.0,0,0,0,0.0
00-0033357,Taysom Hill,TE,NO,34.0,0,0,0,0.0
00-0033375,Tim Patrick,WR,DET,30.0,0,0,0,0.0
00-0033376,Patrick Ricard,RB,BAL,30.0,0,0,0,0.0
00-0033387,Jacob Hollister,TE,CAR,30.0,0,0,0,0.0
00-0033439,Pharaoh Brown,TE,SEA,30.0,0,0,0,0.0
00-0033455,Anthony Firkser,TE,KC,29.0,0,0,0,0.0
00-0033460,John Ross,WR,PHI,28.0,1,9,0,0.0
00-0033466,Isaiah McKenzie,WR,MIA,29.0,6,172,0,0.0
00-0033526,Samaje Perine,RB,KC,28.0,4,114,0,0.0
00-0033536,Mike Williams,WR,PIT,29.0,1,7,0,0.0
00-0033537,Deshaun Watson,QB,CLE,28.0,1,12,0,0.0
00-0033553,James Conner,RB,ARI,29.0,4,105,0,0.0
00-0033555,Mack Hollins,WR,BUF,30.0,4,118,0,0.0
00-0033556,Tarik Cohen,RB,NYJ,29.0,4,119,0,0.0
00-0033572,Jamal Agnew,WR,PIT,29.0,6,165,0,0.0
00-0033576,Eric Saubert,TE,SF,30.0,6,174,0,0.0
00-0033589,David Moore,WR,CAR,29.0,7,226,0,0.0
00-0033591,Noah Brown,WR,WAS,28.0,7,239,0,0.0
00-0033662,Cooper Rush,QB,DAL,30.0,0,0,0,0.0
00-0033699,Austin Ekeler,RB,WAS,29.0,0,0,0,0.0
00-0033757,Robert Tonyan,TE,KC,30.0,0,0,0,0.0
00-0033854,Dare Ogunbowale,RB,HOU,30.0,0,0,0,0.0
00-0033857,JuJu Smith-Schuster,WR,KC,27.0,2,62,0,0.0
00-0033858,Jonnu Smith,TE,MIA,29.0,4,100,0,0.0
00-0033869,Mitchell Trubisky,QB,BUF,30.0,1,2,0,0.0
00-0033873,Patrick Mahomes,QB,KC,28.0,1,10,0,0.0
00-0033881,Evan Engram,TE,JAX,29.0,1,23,0,0.0
00-0033885,David Njoku,TE,CLE,28.0,1,29,0,0.0
00-0033891,Zay Jones,WR,ARI,29.0,2,37,0,0.0
00-0033893,Dalvin Cook,RB,DAL,29.0,2,41,0,0.0
00-0033895,Gerald Everett,TE,CHI,30.0,2,44,0,0.0
00-0033897,Joe Mixon,RB,HOU,28.0,2,48,0,0.0
00-0033906,Alvin Kamara,RB,NO,29.0,3,67,0,0.0
00-0033908,Cooper Kupp,WR,LA,31.0,3,69,0,0.0
00-0033921,Chris Godwin,WR,TB,28.0,3,84,0,0.0
00-0033923,Kareem Hunt,RB,KC,29.0,3,86,0,0.0
00-0033925,D'Onta Foreman,RB,CLE,28.0,3,89,0,0.0
00-0033936,C.J. Beathard,QB,JAX,30.0,4,104,0,0.0
00-0033943,Josh Reynolds,WR,JAX,29.0,4,117,0,0.0
00-0033948,Jamaal Williams,RB,NO,29.0,5,134,0,0.0
00-0033949,Joshua Dobbs,QB,SF,29.0,5,135,0,0.0
00-0033955,Jeremy McNichols,RB,WAS,28.0,6,162,0,0.0
00-0033958,Nathan Peterman,QB,ATL,30.0,6,171,0,0.0
00-0034054,River Cracraft,WR,MIA,29.0,0,0,0,0.0
00-0034073,Ross Dwelley,TE,ATL,29.0,0,0,0,0.0
00-0034104,Cam Sims,WR,CAR,28.0,0,0,0,0.0
00-0034115,Jeff Wilson,RB,MIA,28.0,0,0,0,0.0
00-0034159,Will Dissly,TE,LAC,28.0,4,120,0,0.0
00-0034177,Tim Boyle,QB,NYG,29.0,0,0,0,0.0
00-0034184,Gus Edwards,RB,LAC,29.0,0,0,0,0.0
00-0034193,Kevin Rader,TE,NO,29.0,0,0,0,0.0
00-0034208,Mike Boone,RB,CAR,29.0,0,0,0,0.0
00-0034270,Tyler Conklin,TE,NYJ,29.0,5,157,0,0.0
00-0034272,Marquez Valdes-Scantling,WR,NO,29.0,6,174,0,0.0
00-0034279,Equanimeous St. Brown,WR,NO,27.0,7,207,0,0.0
00-0034297,Byron Pringle,WR,WAS,30.0,0,0,0,0.0
00-0034317,Keith Kirkwood,WR,BAL,29.0,0,0,0,0.0
00-0034348,Courtland Sutton,WR,DEN,28.0,2,40,0,0.0
00-0034351,Dallas Goedert,TE,PHI,29.0,2,49,0,0.0
00-0034353,Anthony Miller,WR,BAL,29.0,2,51,0,0.0
00-0034364,Jordan Akins,TE,CLE,32.0,4,98,0,0.0
00-0034365,Ian Thomas,TE,CAR,28.0,4,101,0,0.0
00-0034367,Nyheim Hines,RB,CLE,27.0,4,104,0,0.0
00-0034383,Dalton Schultz,TE,HOU,28.0,5,137,0,0.0
00-0034386,Justin Watson,WR,KC,28.0,5,144,0,0.0
00-0034395,Daurice Fountain,WR,DET,28.0,5,159,0,0.0
00-0034401,Mike White,QB,BUF,29.0,6,171,0,0.0
00-0034406,Deon Cain,WR,BUF,28.0,6,185,0,0.0
00-0034407,Ray-Ray McCloud,WR,ATL,27.0,6,187,0,0.0
00-0034411,Russell Gage,WR,SF,28.0,7,194,0,0.0
00-0034414,Boston Scott,RB,PIT,29.0,7,201,0,0.0
00-0034418,Cedrick Wilson Jr.,WR,NO,28.0,7,208,0,0.0
00-0034419,Braxton Berrios,WR,MIA,28.0,7,210,0,0.0
00-0034433,Nick Bawden,RB,HOU,28.0,7,237,0,0.0
00-0034438,Logan Woodside,QB,CIN,29.0,7,249,0,0.0
00-0034487,Trent Sherfield,WR,MIN,28.0,0,0,0,0.0
00-0034521,Allen Lazard,WR,NYJ,28.0,0,0,0,0.0
00-0034575,David Wells,TE,TB,29.0,0,0,0,0.0
00-0034577,Kyle Allen,QB,PIT,28.0,0,0,0,0.0
00-0034613,Tanner Hudson,TE,CIN,29.0,0,0,0,0.0
00-0034646,Brandon Powell,WR,MIN,28.0,0,0,0,0.0
00-0034653,Deontay Burnett,WR,DAL,26.0,0,0,0,0.0
00-0034681,Chase Edmonds,RB,TB,28.0,5,134,0,0.0
00-0034732,Alex McGough,WR,GB,28.0,7,220,0,0.0
00-0034737,Luis Perez,QB,LAC,30.0,0,0,0,0.0
00-0034750,Rashaad Penny,RB,CAR,28.0,1,27,0,0.0
00-0034753,Mark Andrews,TE,BAL,28.0,3,86,0,0.0
00-0034764,Michael Gallup,WR,LV,28.0,3,81,0,0.0
00-0034765,Tre'Quan Smith,WR,DET,28.0,3,91,0,0.0
00-0034771,Mason Rudolph,QB,TEN,29.0,3,76,0,0.0
00-0034775,Christian Kirk,WR,JAX,27.0,2,47,0,0.0
00-0034777,DJ Chark,WR,LAC,27.0,2,61,0,0.0
00-0034791,Nick Chubb,RB,CLE,28.0,2,35,0,0.0
00-0034796,Lamar Jackson,QB,BAL,27.0,2,32,0,0.0
00-0034798,Durham Smythe,TE,MIA,29.0,4,123,0,0.0
00-0034808,John Kelly,RB,CLE,27.0,6,176,0,0.0
00-0034827,DJ Moore,WR,CHI,27.0,1,24,0,0.0
00-0034829,Mike Gesicki,TE,CIN,28.0,2,42,0,0.0
00-0034830,Hayden Hurst,TE,LAC,31.0,1,25,0,0.0
00-0034837,Calvin Ridley,WR,TEN,29.0,1,26,0,0.0
00-0034838,Royce Freeman,RB,LA,28.0,3,71,0,0.0
00-0034844,Saquon Barkley,RB,PHI,27.0,1,2,0,0.0
00-0034854,KhaDarel Hodge,WR,ATL,29.0,0,0,0,0.0
00-0034855,Baker Mayfield,QB,TB,29.0,1,1,0,0.0
00-0034857,Josh Allen,QB,BUF,28.0,1,7,0,0.0
00-0034860,Dante Pettis,WR,NO,28.0,2,44,0,0.0
00-0034867,Malik Turner,WR,SF,28.0,0,0,0,0.0
00-0034869,Sam Darnold,QB,MIN,27.0,1,3,0,0.0
00-0034899,John Wolford,QB,JAX,28.0,0,0,0,0.0
00-0034928,Steven Sims,WR,BAL,27.0,0,0,0,0.0
00-0034955,Brett Rypien,QB,MIN,28.0,0,0,0,0.0
00-0034959,Andrew Beck,RB,HOU,28.0,0,0,0,0.0
00-0034960,Jakobi Meyers,WR,LV,27.0,0,0,0,0.0
00-0034970,Irv Smith,TE,HOU,26.0,2,50,0,0.0
00-0034972,Alexander Mattison,RB,LV,26.0,4,102,0,0.0
00-0034975,Justice Hill,RB,BAL,26.0,4,113,0,0.0
00-0034981,Foster Moreau,TE,NO,27.0,5,137,0,0.0
00-0035021,Ashton Dulin,WR,IND,27.0,0,0,0,0.0
00-0035039,Stephen Carlson,TE,CHI,27.0,0,0,0,0.0
00-0035045,D.J. Montgomery,WR,IND,27.0,0,0,0,0.0
00-0035099,Khari Blasingame,RB,PHI,28.0,0,0,0,0.0
00-0035100,Jake Browning,QB,CIN,28.0,0,0,0,0.0
00-0035101,Davion Davis,WR,WAS,27.0,0,0,0,0.0
00-0035125,Alec Ingold,RB,MIA,28.0,0,0,0,0.0
00-0035140,Mecole Hardman,WR,KC,26.0,2,56,0,0.0
00-0035146,Trace McSorley,QB,WAS,29.0,7,197,0,0.0
00-0035164,Cody Thompson,WR,TB,28.0,0,0,0,0.0
00-0035208,Olamide Zaccheaus,WR,WAS,27.0,0,0,0,0.0
00-0035215,Deonte Harty,WR,BAL,26.0,0,0,0,0.0
00-0035216,Diontae Johnson,WR,HOU,28.0,3,66,0,0.0
00-0035222,Zach Gentry,TE,LV,27.0,5,141,0,0.0
00-0035228,Kyler Murray,QB,ARI,27.0,1,1,0,0.0
00-0035229,T.J. Hockenson,TE,MIN,27.0,1,8,0,0.0
00-0035243,Miles Sanders,RB,CAR,27.0,2,53,0,0.0
00-0035249,Josh Oliver,TE,MIN,27.0,3,69,0,0.0
00-0035250,Devin Singletary,RB,NYG,26.0,3,74,0,0.0
00-0035251,Will Grier,QB,DAL,29.0,4,100,0,0.0
00-0035259,Trevon Wesco,TE,LV,28.0,4,121,0,0.0
00-0035261,Tony Pollard,RB,TEN,27.0,5,128,0,0.0
00-0035264,Jarrett Stidham,QB,DEN,28.0,5,133,0,0.0
00-0035282,Easton Stick,QB,LAC,28.0,6,166,0,0.0
00-0035289,Gardner Minshew,QB,LV,28.0,6,178,0,0.0
00-0035291,Trayveon Williams,RB,CIN,26.0,6,182,0,0.0
00-0035297,Kelvin Harmon,WR,DAL,27.0,7,206,0,0.0
00-0035298,Scott Miller,WR,PIT,27.0,7,208,0,0.0
00-0035308,Tommy Sweeney,TE,CHI,29.0,7,228,0,0.0
00-0035311,Myles Gaskin,RB,JAX,27.0,7,234,0,0.0
00-0035329,Donald Parham,TE,DEN,27.0,0,0,0,0.0
00-0035341,Trenton Irwin,WR,CAR,28.0,0,0,0,0.0
00-0035345,Chris Myarick,TE,HOU,28.0,0,0,0,0.0
00-0035356,Tyree Jackson,TE,WAS,26.0,0,0,0,0.0
00-0035359,David Sills,WR,DEN,29.0,0,0,0,0.0
00-0035399,Stanley Morgan,WR,TEN,27.0,0,0,0,0.0
00-0035406,Lil'Jordan Humphrey,WR,DEN,26.0,0,0,0,0.0
00-0035414,Jalen Guyton,WR,LV,27.0,0,0,0,0.0
00-0035436,Matt Sokol,TE,PIT,28.0,0,0,0,0.0
00-0035457,Tyron Johnson,WR,DAL,28.0,0,0,0,0.0
00-0035480,Malik Taylor,WR,NYJ,28.0,0,0,0,0.0
00-0035500,Greg Dortch,WR,ARI,26.0,0,0,0,0.0
00-0035510,Jeff Smith,WR,ARI,27.0,0,0,0,0.0
00-0035527,Andy Isabella,WR,PIT,27.0,2,62,0,0.0
00-0035529,Hakeem Butler,WR,CIN,28.0,4,103,0,0.0
00-0035535,Darius Slayton,WR,NYG,27.0,6,171,0,0.0
00-0035537,Ty Johnson,RB,BUF,26.0,6,186,0,0.0
00-0035544,Tom Kennedy,WR,DET,28.0,0,0,0,0.0
00-0035547,Joseph Fortson,TE,KC,28.0,0,0,0,0.0
00-0035562,Jesper Horsted,TE,CAR,27.0,0,0,0,0.0
00-0035567,Craig Reynolds,RB,DET,28.0,0,0,0,0.0
00-0035572,Parker Hesse,TE,DET,29.0,0,0,0,0.0
00-0035593,Juwann Winfree,WR,IND,27.0,6,187,0,0.0
00-0035594,Travis Homer,RB,CHI,26.0,7,204,0,0.0
00-0035602,Alex Bachman,WR,LV,28.0,0,0,0,0.0
00-0035621,Nsimba Webster,WR,CHI,28.0,0,0,0,0.0
00-0035624,N'Keal Harry,TE,SEA,26.0,2,32,0,0.0
00-0035628,D'Ernest Johnson,RB,JAX,28.0,0,0,0,0.0
00-0035631,Drew Sample,TE,CIN,28.0,2,52,0,0.0
00-0035639,Parris Campbell,WR,PHI,27.0,2,59,0,0.0
00-0035640,DK Metcalf,WR,SEA,26.0,3,64,0,0.0
00-0035644,Noah Fant,TE,SEA,26.0,1,20,0,0.0
00-0035645,Gunner Olszewski,WR,NYG,27.0,0,0,0,0.0
00-0035659,Terry McLaurin,WR,WAS,28.0,3,76,0,0.0
00-0035662,Marquise Brown,WR,KC,27.0,1,25,0,0.0
00-0035676,A.J. Brown,WR,PHI,27.0,2,51,0,0.0
00-0035685,David Montgomery,RB,DET,27.0,3,73,0,0.0
00-0035689,Dawson Knox,TE,BUF,27.0,4,96,0,0.0
00-0035700,Josh Jacobs,RB,GB,26.0,1,24,0,0.0
00-0035701,Marcus Simms,WR,SEA,26.0,0,0,0,0.0
00-0035703,Miles Boykin,WR,SEA,27.0,3,93,0,0.0
00-0035704,Drew Lock,QB,NYG,27.0,2,42,0,0.0
00-0035710,Daniel Jones,QB,MIN,27.0,1,6,0,0.0
00-0035719,Deebo Samuel Sr.,WR,SF,28.0,2,36,0,0.0
00-0035726,Jakob Johnson,RB,NYG,29.0,0,0,0,0.0
00-0035769,Scotty Washington,TE,BAL,28.0,0,0,0,0.0
00-0035771,Mitchell Wilcox,TE,NE,27.0,0,0,0,0.0
00-0035806,JaMycal Hasty,RB,NE,27.0,0,0,0,0.0
00-0035831,James Robinson,RB,NO,26.0,0,0,0,0.0
00-0035860,Tony Jones,RB,ARI,26.0,0,0,0,0.0
00-0035869,Austin Mack,WR,ATL,27.0,0,0,0,0.0
00-0035876,Andre Baccellia,WR,ARI,27.0,0,0,0,0.0
00-0035891,Cody White,WR,SEA,25.0,0,0,0,0.0
00-0035924,Jonathan Ward,RB,PIT,26.0,0,0,0,0.0
00-0035934,Trishton Jackson,WR,MIN,26.0,0,0,0,0.0
00-0035956,Giovanni Ricci,TE,CLE,27.0,0,0,0,0.0
00-0035973,Patrick Taylor,RB,SF,26.0,0,0,0,0.0
00-0035976,Dan Chisena,WR,CAR,27.0,0,0,0,0.0
00-0035993,Tyler Huntley,QB,MIA,26.0,0,0,0,0.0
00-0036020,Salvon Ahmed,RB,IND,25.0,0,0,0,0.0
00-0036032,Sean McKeon,TE,IND,26.0,0,0,0,0.0
00-0036040,Juwan Johnson,TE,NO,27.0,0,0,0,0.0
00-0036059,Tyler Mabry,TE,SEA,27.0,0,0,0,0.0
00-0036080,Easop Winston,WR,NYJ,27.0,0,0,0,0.0
00-0036096,J.J. Taylor,RB,HOU,26.0,0,0,0,0.0
00-0036133,James Proche,WR,CLE,27.0,7,201,0,0.0
00-0036139,Rico Dowdle,RB,DAL,26.0,0,0,0,0.0
00-0036145,Lawrence Cager,TE,WAS,27.0,0,0,0,0.0
00-0036158,J.K. Dobbins,RB,LAC,25.0,2,55,0,0.0
00-0036165,Isaiah Hodgins,WR,NYG,25.0,7,207,0,0.0
00-0036173,Tommy Hudson,TE,NO,27.0,0,0,0,0.0
00-0036176,Mason Kinsey,WR,TEN,26.0,0,0,0,0.0
00-0036182,Nick Westbrook-Ikhine,WR,TEN,27.0,0,0,0,0.0
00-0036183,Kristian Wilkerson,WR,LV,27.0,0,0,0,0.0
00-0036187,Reggie Gilliam,RB,BUF,27.0,0,0,0,0.0
00-0036196,Gabe Davis,WR,JAX,25.0,5,128,0,0.0
00-0036197,Jake Fromm,QB,DET,26.0,6,167,0,0.0
00-0036212,Tua Tagovailoa,QB,MIA,26.0,1,5,0,0.0
00-0036219,Marquez Callaway,WR,TB,26.0,0,0,0,0.0
00-0036223,Jonathan Taylor,RB,IND,25.0,2,41,0,0.0
00-0036225,Dalton Keene,TE,HOU,25.0,4,101,0,0.0
00-0036232,Harrison Bryant,TE,LV,26.0,4,115,0,0.0
00-0036233,Donovan Peoples-Jones,WR,DET,25.0,6,187,0,0.0
00-0036244,Colby Parkinson,TE,LA,25.0,5,133,0,0.0
00-0036247,Freddie Swain,WR,CHI,26.0,7,214,0,0.0
00-0036250,Tyler Davis,TE,GB,27.0,7,206,0,0.0
00-0036251,Zack Moss,RB,CIN,26.0,3,86,0,0.0
00-0036252,Michael Pittman,WR,IND,26.0,2,34,0,0.0
00-0036254,Collin Johnson,WR,CHI,26.0,6,165,0,0.0
00-0036255,Denzel Mims,WR,PIT,26.0,2,59,0,0.0
00-0036259,Jauan Jennings,WR,SF,27.0,7,217,0,0.0
00-0036261,Brandon Aiyuk,WR,SF,26.0,1,25,0,0.0
00-0036264,Jordan Love,QB,GB,25.0,1,26,0,0.0
00-0036265,AJ Dillon,RB,GB,26.0,2,62,0,0.0
00-0036268,Laviska Shenault Jr.,WR,LAC,25.0,2,42,0,0.0
00-0036269,La'Mical Perine,RB,PIT,26.0,4,120,0,0.0
00-0036271,Quez Watkins,WR,PIT,26.0,7,200,0,0.0
00-0036275,D'Andre Swift,RB,CHI,25.0,2,35,0,0.0
00-0036277,Quintez Cephus,WR,LA,26.0,6,166,0,0.0
00-0036290,Cole Kmet,TE,CHI,25.0,2,43,0,0.0
00-0036297,Darrynton Evans,RB,CHI,26.0,3,93,0,0.0
00-0036309,Darnell Mooney,WR,ATL,26.0,6,173,0,0.0
00-0036312,Jake Luton,QB,LV,28.0,6,189,0,0.0
00-0036322,Justin Jefferson,WR,MIN,25.0,1,22,0,0.0
00-0036326,Chase Claypool,WR,BUF,26.0,2,49,0,0.0
00-0036328,Antonio Gibson,RB,NE,26.0,3,66,0,0.0
00-0036331,Devin Duvernay,WR,JAX,26.0,3,92,0,0.0
00-0036332,Josiah Deguara,TE,JAX,27.0,3,94,0,0.0
00-0036336,Anthony McFarland,RB,MIA,26.0,4,124,0,0.0
00-0036345,K.J. Osborn,WR,WAS,27.0,6,176,0,0.0
00-0036355,Justin Herbert,QB,LAC,26.0,1,6,0,0.0
00-0036358,CeeDee Lamb,WR,DAL,25.0,1,17,0,0.0
00-0036360,Clyde Edwards-Helaire,RB,NO,25.0,2,32,0,0.0
00-0036370,Joshua Kelley,RB,TEN,26.0,4,112,0,0.0
00-0036384,Ben DiNucci,QB,NO,27.0,7,231,0,0.0
00-0036387,Jalen Reagor,WR,LAC,25.0,1,21,0,0.0
00-0036389,Jalen Hurts,QB,PHI,26.0,2,53,0,0.0
00-0036407,Jerry Jeudy,WR,CLE,25.0,1,15,0,0.0
00-0036410,Tee Higgins,WR,CIN,25.0,2,33,0,0.0
00-0036412,KJ Hamler,WR,BUF,25.0,2,46,0,0.0
00-0036414,Cam Akers,RB,MIN,25.0,2,52,0,0.0
00-0036415,Van Jefferson,WR,PIT,28.0,2,57,0,0.0
00-0036422,Adam Trautman,TE,DEN,27.0,4,105,0,0.0
00-0036423,Albert Okwuegbunam,TE,IND,26.0,4,118,0,0.0
00-0036425,DeeJay Dallas,RB,ARI,25.0,5,144,0,0.0
00-0036427,Tyler Johnson,WR,LA,26.0,6,161,0,0.0
00-0036429,Charlie Woerner,TE,ATL,26.0,6,190,0,0.0
00-0036438,Stephen Sullivan,TE,CAR,27.0,7,251,0,0.0
00-0036439,Tyrie Cleveland,WR,IND,26.0,7,252,0,0.0
00-0036442,Joe Burrow,QB,CIN,27.0,1,1,0,0.0
00-0036450,Ke'Shawn Vaughn,RB,SF,27.0,3,76,0,0.0
00-0036456,Dominique Dafney,TE,CAR,27.0,0,0,0,0.0
00-0036463,Chris Blair,WR,ATL,26.0,0,0,0,0.0
00-0036471,Mathew Sexton,WR,MIA,26.0,0,0,0,0.0
00-0036474,Sammis Reyes,TE,MIN,28.0,0,0,0,0.0
00-0036482,Mike Strachan,WR,WAS,27.0,7,229,0,0.0
00-0036491,Tarik Black,WR,MIA,26.0,0,0,0,0.0
00-0036493,Deon Jackson,RB,NYJ,25.0,0,0,0,0.0
00-0036497,Tim Jones,WR,JAX,26.0,0,0,0,0.0
00-0036510,Kenny Yeboah,TE,NYJ,25.0,0,0,0,0.0
00-0036527,DJ Turner,WR,LV,27.0,0,0,0,0.0
00-0036534,Shane Zylstra,TE,DET,27.0,0,0,0,0.0
00-0036543,Spencer Brown,RB,ATL,25.0,0,0,0,0.0
00-0036550,Rashod Bateman,WR,BAL,24.0,1,27,0,0.0
00-0036554,Nico Collins,WR,HOU,25.0,3,89,0,0.0
00-0036555,Chuba Hubbard,RB,CAR,25.0,4,126,0,0.0
00-0036556,Brevin Jordan,TE,HOU,24.0,5,147,0,0.0
00-0036565,Ben Mason,TE,LAC,25.0,6,184,0,0.0
00-0036567,Elijah Mitchell,RB,SF,26.0,7,194,0,0.0
00-0036569,Gary Brightwell,RB,CIN,26.0,7,196,0,0.0
00-0036582,Nate McCrary,RB,GB,25.0,0,0,0,0.0
00-0036590,Quintin Morris,TE,BUF,25.0,0,0,0,0.0
00-0036613,Jaylen Waddle,WR,MIA,25.0,1,6,0,0.0
00-0036620,Dee Eskridge,WR,MIA,27.0,2,56,0,0.0
00-0036626,Dyami Brown,WR,WAS,24.0,3,82,0,0.0
00-0036627,Dez Fitzpatrick,WR,LAC,26.0,4,109,0,0.0
00-0036628,John Bates,TE,WAS,26.0,4,124,0,0.0
00-0036630,Tylan Wallace,WR,BAL,25.0,5,131,0,0.0
00-0036635,Ihmir Smith-Marsette,WR,NYG,25.0,5,157,0,0.0
00-0036637,Noah Gray,TE,KC,25.0,6,162,0,0.0
00-0036640,Zach Davidson,TE,BUF,26.0,6,168,0,0.0
00-0036646,Simi Fehoko,WR,LAC,26.0,6,179,0,0.0
00-0036647,Cornell Powell,WR,SEA,26.0,6,181,0,0.0
00-0036652,Racey McMath,WR,DAL,25.0,7,205,0,0.0
00-0036654,Demetric Felton,RB,WAS,26.0,7,211,0,0.0
00-0036657,Seth Williams,WR,DAL,24.0,7,219,0,0.0
00-0036670,Jermar Jefferson,RB,DET,24.0,7,257,0,0.0
00-0036671,Dax Milne,WR,CAR,25.0,7,258,0,0.0
00-0036674,Josh Pederson,TE,JAX,26.0,0,0,0,0.0
00-0036676,Austin Watkins Jr.,WR,PHI,26.0,0,0,0,0.0
00-0036679,Shane Buechele,QB,BUF,26.0,0,0,0,0.0
00-0036692,Miller Forristall,TE,LA,26.0,0,0,0,0.0
00-0036727,Adam Prentice,RB,NO,27.0,0,0,0,0.0
00-0036741,Jack Stoll,TE,MIA,26.0,0,0,0,0.0
00-0036753,Sage Surratt,TE,ARI,26.0,0,0,0,0.0
00-0036754,Brock Wright,TE,DET,25.0,0,0,0,0.0
00-0036755,Jaret Patterson,RB,LAC,24.0,0,0,0,0.0
00-0036775,Brandon Smith,WR,NYJ,25.0,0,0,0,0.0
00-0036779,Hunter Kampmoyer,TE,DEN,26.0,0,0,0,0.0
00-0036825,Feleipe Franks,TE,CAR,26.0,0,0,0,0.0
00-0036841,Austin Trammell,WR,JAX,26.0,0,0,0,0.0
00-0036842,Kene Nwangwu,RB,NYJ,26.0,4,119,0,0.0
00-0036849,Tutu Atwell,WR,LA,24.0,2,57,0,0.0
00-0036857,Chris Evans,RB,CIN,26.0,7,202,0,0.0
00-0036858,Jalen Camp,WR,CLE,26.0,7,209,0,0.0
00-0036860,Jake Funk,RB,JAX,26.0,7,233,0,0.0
00-0036862,Ben Skowronek,WR,PIT,27.0,7,249,0,0.0
00-0036875,Rhamondre Stevenson,RB,NE,26.0,4,120,0,0.0
00-0036876,Kylen Granson,TE,IND,26.0,4,127,0,0.0
00-0036877,Jaelon Darden,WR,SEA,25.0,5,129,0,0.0
00-0036879,Sam Ehlinger,QB,IND,25.0,7,218,0,0.0
00-0036887,Luke Farrell,TE,JAX,26.0,5,145,0,0.0
00-0036893,Najee Harris,RB,PIT,26.0,1,24,0,0.0
00-0036894,Pat Freiermuth,TE,PIT,25.0,2,55,0,0.0
00-0036898,Davis Mills,QB,HOU,25.0,3,67,0,0.0
00-0036900,Ja'Marr Chase,WR,CIN,24.0,1,5,0,0.0
00-0036906,Khalil Herbert,RB,CIN,26.0,7,217,0,0.0
00-0036912,DeVonta Smith,WR,PHI,25.0,1,10,0,0.0
00-0036913,Kadarius Toney,WR,CLE,25.0,1,20,0,0.0
00-0036918,Jacob Harris,WR,PHI,27.0,5,141,0,0.0
00-0036919,Kenneth Gainwell,RB,PHI,25.0,5,150,0,0.0
00-0036924,Michael Carter,RB,ARI,25.0,4,107,0,0.0
00-0036928,Kyle Trask,QB,TB,26.0,3,64,0,0.0
00-0036929,Ian Book,QB,PHI,26.0,5,133,0,0.0
00-0036936,Rondale Moore,WR,ATL,24.0,2,49,0,0.0
00-0036939,Kawaan Baker,WR,NE,26.0,7,255,0,0.0
00-0036945,Justin Fields,QB,PIT,25.0,1,11,0,0.0
00-0036950,Avery Williams,RB,ATL,26.0,6,183,0,0.0
00-0036955,Terrace Marshall Jr.,WR,LV,24.0,2,59,0,0.0
00-0036959,Michael Bandy,WR,DEN,26.0,0,0,0,0.0
00-0036963,Amon-Ra St. Brown,WR,DET,24.0,4,112,0,0.0
00-0036970,Kyle Pitts,TE,ATL,23.0,1,4,0,0.0
00-0036971,Trevor Lawrence,QB,JAX,24.0,1,1,0,0.0
00-0036972,Mac Jones,QB,JAX,25.0,1,15,0,0.0
00-0036973,Travis Etienne,RB,JAX,25.0,1,25,0,0.0
00-0036980,Elijah Moore,WR,CLE,24.0,2,34,0,0.0
00-0036984,Trey Sermon,RB,IND,25.0,3,88,0,0.0
00-0036988,Josh Palmer,WR,LAC,24.0,3,77,0,0.0
00-0036997,Javonte Williams,RB,DEN,24.0,2,35,0,0.0
00-0036999,Anthony Schwartz,WR,MIA,23.0,3,91,0,0.0
00-0037004,Hunter Long,TE,LA,26.0,3,81,0,0.0
00-0037005,Tommy Tremble,TE,CAR,24.0,3,83,0,0.0
00-0037011,Tre' McKitty,TE,CLE,25.0,4,97,0,0.0
00-0037012,Trey Lance,QB,DAL,24.0,1,3,0,0.0
00-0037013,Zach Wilson,QB,DEN,25.0,1,2,0,0.0
00-0037015,Sal Cannella,TE,TB,27.0,0,0,0,0.0
00-0037020,Bernhard Seikovits,TE,ARI,27.0,0,0,0,0.0
00-0037022,Michael Jacobson,TE,NO,27.0,0,0,0,0.0
00-0037031,Nikola Kalinic,TE,LA,27.0,0,0,0,0.0
00-0037055,Lance McCutcheon,WR,PIT,25.0,0,0,0,0.0
00-0037068,E.J. Perry,QB,JAX,26.0,0,0,0,0.0
00-0037077,Sam Howell,QB,SEA,23.0,5,144,0,0.0
00-0037078,Cole Turner,TE,WAS,24.0,5,149,0,0.0
00-0037085,Tyler Badie,RB,DEN,25.0,7,196,0,0.0
00-0037086,Grant Calcaterra,TE,PHI,25.0,7,198,0,0.0
00-0037091,Bo Melton,WR,GB,25.0,7,229,0,0.0
00-0037093,Dareke Young,WR,SEA,25.0,7,233,0,0.0
00-0037098,Samori Toure,WR,CHI,26.0,7,258,0,0.0
00-0037112,Jake Tonges,TE,SF,25.0,0,0,0,0.0
00-0037120,Tyler Goodson,RB,IND,23.0,0,0,0,0.0
00-0037132,Britain Covey,WR,PHI,27.0,0,0,0,0.0
00-0037156,Irvin Charles,WR,NYJ,27.0,0,0,0,0.0
00-0037157,Bam Knight,RB,NYJ,23.0,0,0,0,0.0
00-0037168,Armani Rogers,TE,BUF,26.0,0,0,0,0.0
00-0037172,Kyric McGowan,WR,MIA,24.0,0,0,0,0.0
00-0037175,Anthony Brown,QB,BUF,26.0,0,0,0,0.0
00-0037185,Raleigh Webb,WR,TB,26.0,0,0,0,0.0
00-0037197,Isiah Pacheco,RB,KC,25.0,7,251,0,0.0
00-0037216,Justyn Ross,WR,KC,24.0,0,0,0,0.0
00-0037228,Jaylen Warren,RB,PIT,25.0,0,0,0,0.0
00-0037231,Kevin Austin Jr.,WR,NO,24.0,0,0,0,0.0
00-0037233,Gerrit Prince,TE,KC,27.0,0,0,0,0.0
00-0037238,Drake London,WR,ATL,23.0,1,8,0,0.0
00-0037239,Chris Olave,WR,NO,24.0,1,11,0,0.0
00-0037240,Jameson Williams,WR,DET,23.0,1,12,0,0.0
00-0037247,George Pickens,WR,PIT,23.0,2,52,0,0.0
00-0037248,James Cook,RB,BUF,24.0,2,63,0,0.0
00-0037252,Greg Dulcich,TE,NYG,24.0,3,80,0,0.0
00-0037256,Rachaad White,RB,TB,25.0,3,91,0,0.0
00-0037257,David Bell,WR,CLE,23.0,4,99,0,0.0
00-0037258,Dameon Pierce,RB,HOU,24.0,4,107,0,0.0
00-0037261,Khalil Shakir,WR,BUF,24.0,5,148,0,0.0
00-0037263,Tyler Allgeier,RB,ATL,24.0,5,151,0,0.0
00-0037265,Snoop Conner,RB,DAL,24.0,5,154,0,0.0
00-0037267,Jerome Ford,RB,CLE,24.0,5,156,0,0.0
00-0037272,Montrell Washington,WR,KC,25.0,6,162,0,0.0
00-0037273,Kyle Philips,WR,PHI,25.0,6,163,0,0.0
00-0037276,Ty Chandler,RB,MIN,26.0,6,169,0,0.0
00-0037277,Teagan Quitoriano,TE,HOU,24.0,6,170,0,0.0
00-0037282,James Mitchell,TE,DET,25.0,6,177,0,0.0
00-0037286,Kevin Harris,RB,NE,23.0,6,183,0,0.0
00-0037291,Jalen Nailor,WR,MIN,25.0,6,191,0,0.0
00-0037292,Andrew Ogletree,TE,IND,26.0,7,192,0,0.0
00-0037299,Keaontay Ingram,RB,KC,24.0,7,201,0,0.0
00-0037300,Mike Woods,WR,CLE,24.0,7,202,0,0.0
00-0037304,Connor Heyward,TE,PIT,25.0,7,208,0,0.0
00-0037306,John FitzPatrick,TE,GB,24.0,7,213,0,0.0
00-0037311,Ko Kieft,TE,TB,26.0,7,218,0,0.0
00-0037317,Nick Muse,TE,PHI,25.0,7,227,0,0.0
00-0037324,Chris Oladokun,QB,KC,26.0,7,241,0,0.0
00-0037327,Skylar Thompson,QB,MIA,27.0,7,247,0,0.0
00-0037329,Brittain Brown,RB,SEA,26.0,7,250,0,0.0
00-0037331,Zander Horvath,RB,MIA,25.0,7,260,0,0.0
00-0037334,Mike Harley Jr.,WR,MIA,26.0,0,0,0,0.0
00-0037340,Zaire Mitchell-Paden,TE,BAL,25.0,0,0,0,0.0
00-0037348,Tanner Conner,WR,MIA,26.0,0,0,0,0.0
00-0037355,Braylon Sanders,WR,NE,25.0,0,0,0,0.0
00-0037380,Kaden Davis,WR,CLE,25.0,0,0,0,0.0
00-0037382,Brandon Johnson,WR,PIT,26.0,0,0,0,0.0
00-0037387,Jalen Virgil,WR,BUF,26.0,0,0,0,0.0
00-0037394,Ethan Fernea,WR,IND,26.0,0,0,0,0.0
00-0037398,Samson Nacua,WR,NO,26.0,0,0,0,0.0
00-0037410,Jashaun Corbin,RB,NYG,24.0,0,0,0,0.0
00-0037420,Kwamie Lassiter II,WR,CIN,26.0,0,0,0,0.0
00-0037422,Kendric Pryor,WR,CIN,26.0,0,0,0,0.0
00-0037429,Raheem Blackshear,RB,CAR,26.0,0,0,0,0.0
00-0037450,Tyreik McAllister,RB,LV,26.0,0,0,0,0.0
00-0037451,Rod Williams,TE,PIT,24.0,0,0,0,0.0
00-0037456,Troy Hairston,RB,HOU,25.0,0,0,0,0.0
00-0037460,Johnny Johnson III,WR,HOU,25.0,0,0,0,0.0
00-0037475,Stone Smartt,TE,LAC,25.0,0,0,0,0.0
00-0037487,Deven Thompkins,WR,CAR,24.0,0,0,0,0.0
00-0037495,Bryant Koback,RB,SEA,26.0,0,0,0,0.0
00-0037506,Cole Fotheringham,TE,LV,26.0,0,0,0,0.0
00-0037508,Justin Hall,WR,MIN,25.0,0,0,0,0.0
00-0037509,Sincere McCormick,RB,LV,23.0,0,0,0,0.0
00-0037524,Tay Martin,WR,TEN,26.0,0,0,0,0.0
00-0037525,Jordan Mason,RB,SF,25.0,0,0,0,0.0
00-0037539,Lucas Krull,TE,DEN,26.0,0,0,0,0.0
00-0037545,Rashid Shaheed,WR,NO,26.0,0,0,0,0.0
00-0037553,Jontre Kirklin,WR,SF,25.0,0,0,0,0.0
00-0037557,Ronnie Rivers,RB,LA,25.0,0,0,0,0.0
00-0037563,Malik Davis,RB,DAL,25.0,0,0,0,0.0
00-0037569,Peyton Hendershot,TE,KC,25.0,0,0,0,0.0
00-0037570,Dennis Houston,WR,TB,25.0,0,0,0,0.0
00-0037594,Julius Chestnut,RB,TEN,23.0,0,0,0,0.0
00-0037609,Aaron Shampklin,RB,PIT,24.0,0,0,0,0.0
00-0037614,John Metchie III,WR,HOU,24.0,2,44,0,0.0
00-0037617,Hassan Haskins,RB,LAC,24.0,5,131,0,0.0
00-0037654,Tucker Fisk,TE,LAC,25.0,0,0,0,0.0
00-0037664,Alec Pierce,WR,IND,24.0,2,53,0,0.0
00-0037666,Jalen Tolbert,WR,DAL,25.0,3,88,0,0.0
00-0037708,Maurice Alexander,WR,DET,27.0,0,0,0,0.0
00-0037724,La'Michael Pettway,TE,NE,27.0,0,0,0,0.0
00-0037740,Garrett Wilson,WR,NYJ,24.0,1,10,0,0.0
00-0037741,Jahan Dotson,WR,PHI,24.0,1,16,0,0.0
00-0037742,Treylon Burks,WR,TEN,24.0,1,18,0,0.0
00-0037744,Trey McBride,TE,ARI,24.0,2,55,0,0.0
00-0037745,Velus Jones Jr.,RB,CAR,27.0,3,71,0,0.0
00-0037746,Brian Robinson,RB,WAS,25.0,4,98,0,0.0
00-0037755,Jelani Woods,TE,IND,25.0,3,73,0,0.0
00-0037801,KaVontae Turpin,WR,DAL,28.0,0,0,0,0.0
00-0037805,Jeremy Ruckert,TE,NYJ,24.0,4,101,0,0.0
00-0037809,Chig Okonkwo,TE,TEN,24.0,5,143,0,0.0
00-0037816,Romeo Doubs,WR,GB,24.0,5,132,0,0.0
00-0037827,Tyrion Davis-Price,RB,PHI,23.0,3,93,0,0.0
00-0037828,Danny Gray,WR,PHI,25.0,4,105,0,0.0
00-0037834,Brock Purdy,QB,SF,24.0,7,262,0,0.0
00-0037837,Calvin Austin III,WR,PIT,25.0,5,138,0,0.0
00-0037838,Isaiah Likely,TE,BAL,24.0,5,139,0,0.0
00-0037840,Kyren Williams,RB,LA,24.0,6,164,0,0.0
00-0038040,Zamir White,RB,LV,24.0,4,122,0,0.0
00-0038041,Jake Ferguson,TE,DAL,25.0,5,129,0,0.0
00-0038045,Isaiah Spiller,RB,LV,23.0,4,123,0,0.0
00-0038046,Charlie Kolar,TE,BAL,25.0,5,128,0,0.0
00-0038090,Skyy Moore,WR,KC,23.0,2,54,0,0.0
00-0038092,Erik Ezukanma,WR,MIA,24.0,4,125,0,0.0
00-0038098,Pierre Strong,RB,CLE,25.0,4,127,0,0.0
00-0038102,Kenny Pickett,QB,PHI,26.0,1,20,0,0.0
00-0038104,Tyquan Thornton,WR,KC,24.0,2,50,0,0.0
00-0038108,Bailey Zappe,QB,CLE,25.0,5,137,0,0.0
00-0038115,Daniel Bellinger,TE,NYG,23.0,4,112,0,0.0
00-0038117,Wan'Dale Robinson,WR,NYG,23.0,2,43,0,0.0
00-0038120,Breece Hall,RB,NYJ,23.0,2,36,0,0.0
00-0038122,Desmond Ridder,QB,LV,25.0,3,74,0,0.0
00-0038124,Christian Watson,WR,GB,25.0,2,34,0,0.0
00-0038128,Malik Willis,QB,GB,25.0,3,86,0,0.0
00-0038129,Cade Otton,TE,TB,25.0,4,106,0,0.0
00-0038132,Matt Corral,QB,MIN,25.0,3,94,0,0.0
00-0038134,Kenneth Walker III,RB,SEA,23.0,2,41,0,0.0
00-0038145,Thomas Odukoya,TE,TEN,27.0,0,0,0,0.0
00-0038147,Daylen Baldwin,WR,ARI,24.0,0,0,0,0.0
00-0038149,Josh Ali,WR,ATL,25.0,0,0,0,0.0
00-0038150,Nathan Rourke,QB,NYG,26.0,0,0,0,0.0
00-0038181,Lucky Jackson,WR,MIN,27.0,0,0,0,0.0
00-0038359,Xavier Smith,WR,LA,26.0,0,0,0,0.0
00-0038385,Dresser Winn,QB,LA,25.0,0,0,0,0.0
00-0038389,Israel Abanikanda,RB,SF,21.0,5,143,0,0.0
00-0038391,Sean Clifford,QB,GB,26.0,5,149,0,0.0
00-0038393,Dontayvion Wicks,WR,GB,23.0,5,159,0,0.0
00-0038394,Will Mallory,TE,IND,25.0,6,162,0,0.0
00-0038396,Eric Gray,RB,NYG,24.0,6,172,0,0.0
00-0038397,Evan Hull,RB,IND,23.0,6,176,0,0.0
00-0038400,Tanner McKee,QB,PHI,24.0,6,188,0,0.0
00-0038406,Zack Kuntz,TE,NYJ,25.0,7,220,0,0.0
00-0038409,Lew Nichols III,RB,PHI,23.0,7,235,0,0.0
00-0038416,Tyson Bagent,QB,CHI,24.0,0,0,0,0.0
00-0038419,Robert Burns,RB,ATL,25.0,0,0,0,0.0
00-0038440,Zavier Scott,RB,MIN,25.0,0,0,0,0.0
00-0038454,Keaton Mitchell,RB,BAL,22.0,0,0,0,0.0
00-0038455,Sean Ryan,WR,BAL,25.0,0,0,0,0.0
00-0038456,Travis Vokolek,TE,ARI,26.0,0,0,0,0.0
00-0038458,Owen Wright,RB,BAL,25.0,0,0,0,0.0
00-0038465,Malik Heath,WR,GB,24.0,0,0,0,0.0
00-0038468,Henry Pearson,TE,GB,24.0,0,0,0,0.0
00-0038472,Duece Watts,WR,PIT,24.0,0,0,0,0.0
00-0038476,Tommy DeVito,QB,NYG,26.0,0,0,0,0.0
00-0038477,Bryce Ford-Wheaton,WR,NYG,24.0,0,0,0,0.0
00-0038484,Joseph Ngata,WR,PHI,23.0,0,0,0,0.0
00-0038488,Brady Russell,TE,SEA,26.0,0,0,0,0.0
00-0038492,Jason Brownlee,WR,KC,25.0,0,0,0,0.0
00-0038496,Xavier Gipson,WR,NYJ,23.0,0,0,0,0.0
00-0038498,E.J. Jenkins,TE,PHI,25.0,0,0,0,0.0
00-0038502,T.J. Luther,WR,CAR,24.0,0,0,0,0.0
00-0038507,Grant DuBose,WR,MIA,23.0,7,256,0,0.0
00-0038518,Deneric Prince,RB,MIA,24.0,0,0,0,0.0
00-0038519,Nikko Remigio,WR,KC,24.0,0,0,0,0.0
00-0038520,Ty Scott,WR,SEA,25.0,0,0,0,0.0
00-0038542,Bijan Robinson,RB,ATL,22.0,1,8,0,0.0
00-0038543,Jaxon Smith-Njigba,WR,SEA,22.0,1,20,0,0.0
00-0038544,Quentin Johnston,WR,LAC,22.0,1,21,0,0.0
00-0038547,Luke Schoonmaker,TE,DAL,25.0,2,58,0,0.0
00-0038550,Hendon Hooker,QB,DET,26.0,3,68,0,0.0
00-0038551,Kendre Miller,RB,NO,22.0,3,71,0,0.0
00-0038555,Tank Bigsby,RB,JAX,22.0,3,88,0,0.0
00-0038558,Darnell Washington,TE,PIT,23.0,3,93,0,0.0
00-0038559,Michael Wilson,WR,ARI,24.0,3,94,0,0.0
00-0038563,Tre Tucker,WR,LV,23.0,4,100,0,0.0
00-0038564,Cameron Latu,TE,PHI,24.0,4,101,0,0.0
00-0038573,Derius Davis,WR,LAC,23.0,4,125,0,0.0
00-0038576,Charlie Jones,WR,CIN,25.0,5,131,0,0.0
00-0038579,Aidan O'Connell,QB,LV,25.0,5,135,0,0.0
00-0038582,Clayton Tune,QB,ARI,25.0,5,139,0,0.0
00-0038583,Dorian Thompson-Robinson,QB,CLE,24.0,5,140,0,0.0
00-0038589,Josh Whyle,TE,TEN,24.0,5,147,0,0.0
00-0038590,Justin Shorter,TE,LV,24.0,5,150,0,0.0
00-0038597,Chase Brown,RB,CIN,24.0,6,163,0,0.0
00-0038598,Jaren Hall,QB,SEA,26.0,6,164,0,0.0
00-0038606,Parker Washington,WR,JAX,22.0,6,185,0,0.0
00-0038608,Kayshon Boutte,WR,NE,22.0,6,187,0,0.0
00-0038611,Chris Rodriguez Jr.,RB,WAS,24.0,7,193,0,0.0
00-0038612,A.T. Perry,WR,DEN,24.0,7,195,0,0.0
00-0038614,Scott Matlock,RB,LAC,24.0,7,200,0,0.0
00-0038618,Xavier Hutchinson,WR,HOU,24.0,7,205,0,0.0
00-0038619,Andrei Iosivas,WR,CIN,24.0,7,206,0,0.0
00-0038621,Demario Douglas,WR,NE,23.0,7,210,0,0.0
00-0038622,Deuce Vaughn,RB,DAL,22.0,7,212,0,0.0
00-0038627,Antoine Green,WR,DET,24.0,7,219,0,0.0
00-0038632,Colton Dowell,WR,TEN,25.0,7,228,0,0.0
00-0038636,Kenny McIntosh,RB,SEA,24.0,7,237,0,0.0
00-0038637,Max Duggan,QB,LAC,23.0,7,239,0,0.0
00-0038640,Jalen Brooks,WR,DAL,24.0,7,244,0,0.0
00-0038643,Brayden Willis,TE,SF,24.0,7,247,0,0.0
00-0038647,Ronnie Bell,WR,SF,24.0,7,253,0,0.0
00-0038651,Chase Cota,WR,NYG,24.0,0,0,0,0.0
00-0038656,Mohamed Ibrahim,RB,MIN,24.0,0,0,0,0.0
00-0038658,Adrian Martinez,QB,NYJ,24.0,0,0,0,0.0
00-0038667,Elijah Cooks,WR,PHI,25.0,0,0,0,0.0
00-0038671,Jaray Jenkins,WR,PIT,24.0,0,0,0,0.0
00-0038678,Jordan Mims,RB,NO,25.0,0,0,0,0.0
00-0038679,Tyrell Shavers,WR,BUF,25.0,0,0,0,0.0
00-0038680,Bryan Thompson,WR,BUF,25.0,0,0,0,0.0
00-0038681,Jalen Wayne,WR,GB,25.0,0,0,0,0.0
00-0038685,Chris Brooks,RB,GB,24.0,0,0,0,0.0
00-0038702,Daniel Arias,WR,ARI,25.0,0,0,0,0.0
00-0038705,Emari Demercado,RB,ARI,25.0,0,0,0,0.0
00-0038710,Blake Whiteheart,TE,CLE,24.0,0,0,0,0.0
00-0038714,Hassan Hall,RB,ARI,24.0,0,0,0,0.0
00-0038720,Julian Hill,TE,MIA,24.0,0,0,0,0.0
00-0038726,Jesse Matthews,WR,ATL,25.0,0,0,0,0.0
00-0038727,Xazavian Valladay,RB,NO,26.0,0,0,0,0.0
00-0038728,Jared Wayne,WR,HOU,23.0,0,0,0,0.0
00-0038734,David Durden,WR,DAL,25.0,0,0,0,0.0
00-0038735,Princeton Fant,TE,DAL,25.0,0,0,0,0.0
00-0038738,Hunter Luepke,RB,DAL,24.0,0,0,0,0.0
00-0038740,Jalen Moreno-Cropper,WR,DAL,23.0,0,0,0,0.0
00-0038741,John Stephens Jr.,TE,DAL,24.0,0,0,0,0.0
00-0038752,Jake Bobo,WR,SEA,26.0,0,0,0,0.0
00-0038760,Griffin Hebert,WR,PHI,25.0,0,0,0,0.0
00-0038762,Matt Landers,WR,NE,25.0,0,0,0,0.0
00-0038783,Nate Adkins,TE,DEN,25.0,0,0,0,0.0
00-0038794,Jaleel McLaughlin,RB,DEN,23.0,0,0,0,0.0
00-0038797,Emanuel Wilson,RB,GB,25.0,0,0,0,0.0
00-0038805,Cephus Johnson III,WR,TB,24.0,0,0,0,0.0
00-0038806,Malik Knowles,WR,GB,24.0,0,0,0,0.0
00-0038809,Ben Sims,TE,GB,24.0,0,0,0,0.0
00-0038810,Thayer Thomas,WR,MIN,26.0,0,0,0,0.0
00-0038821,Rakim Jarrett,WR,TB,23.0,0,0,0,0.0
00-0038824,Ryan Miller,WR,TB,24.0,0,0,0,0.0
00-0038828,Tanner Taula,TE,TB,25.0,0,0,0,0.0
00-0038830,Kazmeir Allen,RB,WAS,24.0,0,0,0,0.0
00-0038839,Mitchell Tinsley,WR,WAS,24.0,0,0,0,0.0
00-0038840,Brycen Tremayne,WR,WAS,24.0,0,0,0,0.0
00-0038843,Jacob Copeland,WR,PIT,25.0,0,0,0,0.0
00-0038844,Tre'Shaun Harrison,WR,TEN,24.0,0,0,0,0.0
00-0038860,Terrell Bynum,WR,LV,26.0,0,0,0,0.0
00-0038862,Elijah Dotson,RB,ATL,25.0,0,0,0,0.0
00-0038864,Michael Ezeike,TE,SEA,23.0,0,0,0,0.0
00-0038875,Jack Colletto,RB,PIT,25.0,0,0,0,0.0
00-0038883,Isaiah Winstead,WR,NYJ,25.0,0,0,0,0.0
00-0038891,Shedrick Jackson,WR,LV,24.0,0,0,0,0.0
00-0038896,Jacob Saylors,RB,CLE,24.0,0,0,0,0.0
00-0038902,Shaquan Davis,WR,PIT,24.0,0,0,0,0.0
00-0038910,SaRodorick Thompson Jr.,RB,LA,24.0,0,0,0,0.0
00-0038911,Malik Cunningham,WR,BAL,25.0,0,0,0,0.0
00-0038913,Johnny Lumpkin,TE,GB,26.0,0,0,0,0.0
00-0038920,John Shenker,TE,LV,25.0,0,0,0,0.0
00-0038930,Carlos Washington,RB,ATL,25.0,0,0,0,0.0
00-0038933,Dalton Kincaid,TE,BUF,24.0,1,25,0,0.0
00-0038935,Brenton Strange,TE,JAX,23.0,2,61,0,0.0
00-0038938,Jalin Hyatt,WR,NYG,22.0,3,73,0,0.0
00-0038941,Tyler Scott,WR,CHI,22.0,5,133,0,0.0
00-0038951,Sean Tucker,RB,TB,22.0,0,0,0,0.0
00-0038953,Dylan Drummond,WR,ATL,24.0,0,0,0,0.0
00-0038954,Izaiah Gathings,WR,PIT,23.0,0,0,0,0.0
00-0038965,Ellis Merriweather,RB,GB,25.0,0,0,0,0.0
00-0038969,Kearis Jackson,WR,NYG,24.0,0,0,0,0.0
00-0038976,Marvin Mims Jr.,WR,DEN,22.0,2,63,0,0.0
00-0038977,Tank Dell,WR,HOU,24.0,3,69,0,0.0
00-0038979,Cedric Tillman,WR,CLE,24.0,3,74,0,0.0
00-0038994,Jordan Addison,WR,MIN,22.0,1,23,0,0.0
00-0038996,Tucker Kraft,TE,GB,23.0,3,78,0,0.0
00-0038997,Josh Downs,WR,IND,23.0,3,79,0,0.0
00-0038998,Jake Haener,QB,NO,25.0,4,127,0,0.0
00-0038999,Jordan Murray,TE,NYG,24.0,0,0,0,0.0
00-0039021,Roschon Johnson,RB,CHI,23.0,4,115,0,0.0
00-0039023,Joel Wilson,TE,CHI,24.0,0,0,0,0.0
00-0039032,Tyjae Spears,RB,TEN,23.0,3,81,0,0.0
00-0039040,De'Von Achane,RB,MIA,22.0,3,84,0,0.0
00-0039041,Elijah Higgins,TE,ARI,23.0,7,197,0,0.0
00-0039046,DeWayne McBride,RB,MIN,23.0,7,222,0,0.0
00-0039050,Payne Durham,TE,TB,24.0,6,171,0,0.0
00-0039052,Trey Palmer,WR,TB,23.0,6,191,0,0.0
00-0039062,Jonathan Mingo,WR,DAL,23.0,2,39,0,0.0
00-0039064,Zay Flowers,WR,BAL,23.0,1,22,0,0.0
00-0039065,Sam LaPorta,TE,DET,23.0,2,34,0,0.0
00-0039066,Michael Mayer,TE,LV,23.0,2,35,0,0.0
00-0039067,Rashee Rice,WR,KC,24.0,2,55,0,0.0
00-0039074,Davis Allen,TE,LA,23.0,6,175,0,0.0
00-0039075,Puka Nacua,WR,LA,23.0,6,177,0,0.0
00-0039107,Stetson Bennett,QB,LA,26.0,5,128,0,0.0
00-0039136,Zach Evans,RB,NYJ,23.0,7,215,0,0.0
00-0039139,Jahmyr Gibbs,RB,DET,22.0,1,12,0,0.0
00-0039144,Luke Musgrave,TE,GB,23.0,2,42,0,0.0
00-0039146,Jayden Reed,WR,GB,24.0,2,50,0,0.0
00-0039150,Bryce Young,QB,CAR,23.0,1,1,0,0.0
00-0039152,Will Levis,QB,TEN,25.0,2,33,0,0.0
00-0039163,C.J. Stroud,QB,HOU,22.0,1,2,0,0.0
00-0039164,Anthony Richardson,QB,IND,22.0,1,4,0,0.0
00-0039165,Zach Charbonnet,RB,SEA,23.0,2,52,0,0.0
00-0039228,Louis Rees-Zammit,RB,JAX,23.0,0,0,0,0.0
00-0039230,Dante Miller,RB,NYG,25.0,0,0,0,0.0
00-0039231,Patrick Murtagh,TE,JAX,24.0,0,0,0,0.0
00-0039236,Johnny Wilson,WR,PHI,23.0,6,185,0,0.0
00-0039238,Michael Pratt,QB,TB,22.0,7,245,0,0.0
00-0039244,Chris Collier,RB,LV,24.0,0,0,0,0.0
00-0039254,Mike Rigerman,TE,BAL,23.0,0,0,0,0.0
00-0039255,Tayvion Robinson,WR,CAR,23.0,0,0,0,0.0
00-0039256,Riley Sharp,TE,BAL,26.0,0,0,0,0.0
00-0039259,Dayton Wade,WR,BAL,23.0,0,0,0,0.0
00-0039261,Isaiah Washington,WR,BAL,23.0,0,0,0,0.0
00-0039263,McCallan Castles,TE,LAC,24.0,0,0,0,0.0
00-0039266,Kendall Milton,RB,CIN,22.0,0,0,0,0.0
00-0039271,Jarveon Howard,RB,GB,24.0,0,0,0,0.0
00-0039275,Messiah Swinson,TE,GB,24.0,0,0,0,0.0
00-0039278,Tyler Harrell,WR,NYJ,24.0,0,0,0,0.0
00-0039286,Marcus Riley,WR,NYJ,25.0,0,0,0,0.0
00-0039287,Lincoln Sefcik,TE,NYJ,25.0,0,0,0,0.0
00-0039298,Hayden Hatten,WR,SEA,24.0,0,0,0,0.0
00-0039299,George Holani,RB,SEA,24.0,0,0,0,0.0
00-0039302,Kobe Lewis,RB,SEA,24.0,0,0,0,0.0
00-0039305,Jack Westover,TE,NE,25.0,0,0,0,0.0
00-0039306,Dee Williams,WR,NYG,24.0,0,0,0,0.0
00-0039308,TaMerik Williams,RB,SEA,25.0,0,0,0,0.0
00-0039311,Emani Bailey,RB,CAR,22.0,0,0,0,0.0
00-0039314,Phillip Brooks,WR,KC,24.0,0,0,0,0.0
00-0039316,Baylor Cupp,TE,KC,24.0,0,0,0,0.0
00-0039325,Carson Steele,RB,KC,21.0,0,0,0,0.0
00-0039329,Julian Hicks,WR,GB,24.0,0,0,0,0.0
00-0039330,Dimitri Stanley,WR,GB,24.0,0,0,0,0.0
00-0039331,Emory Jones,QB,ATL,24.0,0,0,0,0.0
00-0039334,Andrew Peasley,QB,NYJ,24.0,0,0,0,0.0
00-0039336,Jaaron Hayek,WR,KC,23.0,0,0,0,0.0
00-0039337,Malik Nabers,WR,NYG,21.0,1,6,0,0.0
00-0039338,Brock Bowers,TE,LV,21.0,1,13,0,0.0
00-0039342,Xavier Legette,WR,CAR,23.0,2,32,0,0.0
00-0039344,Jonathon Brooks,RB,CAR,21.0,2,46,0,0.0
00-0039355,Luke McCaffrey,WR,WAS,23.0,4,100,0,0.0
00-0039356,Ja'Tavion Sanders,TE,CAR,21.0,4,101,0,0.0
00-0039359,Cade Stover,TE,HOU,24.0,4,123,0,0.0
00-0039361,Bucky Irving,RB,TB,22.0,4,125,0,0.0
00-0039363,Isaac Guerendo,RB,SF,24.0,5,129,0,0.0
00-0039364,Sione Vaki,RB,DET,23.0,5,132,0,0.0
00-0039365,Jacob Cowing,WR,SF,23.0,5,135,0,0.0
00-0039373,Audric Estim√©,RB,DEN,20.0,5,147,0,0.0
00-0039376,Spencer Rattler,QB,NO,23.0,5,150,0,0.0
00-0039379,Jamari Thrash,WR,CLE,23.0,5,156,0,0.0
00-0039384,Tyrone Tracy Jr.,RB,NYG,24.0,6,166,0,0.0
00-0039385,Keilan Robinson,RB,JAX,24.0,6,167,0,0.0
00-0039386,Bub Means,WR,NO,23.0,6,170,0,0.0
00-0039391,Kimani Vidal,RB,LAC,23.0,6,181,0,0.0
00-0039392,Jha'Quan Jackson,WR,TEN,24.0,6,182,0,0.0
00-0039393,Jase McClellan,RB,ATL,22.0,6,186,0,0.0
00-0039394,Casey Washington,WR,ATL,23.0,6,187,0,0.0
00-0039397,Tejhaun Palmer,WR,ARI,24.0,6,191,0,0.0
00-0039398,Joe Milton III,QB,NE,24.0,7,193,0,0.0
00-0039399,Tanner McLachlan,TE,CIN,25.0,7,194,0,0.0
00-0039405,Jawhar Jordan,RB,HOU,25.0,7,205,0,0.0
00-0039407,Dylan Laube,RB,LV,24.0,7,208,0,0.0
00-0039410,Ryan Flournoy,WR,DAL,24.0,7,216,0,0.0
00-0039415,Brenden Rice,WR,LAC,22.0,7,225,0,0.0
00-0039420,Jaheim Bell,TE,NE,23.0,7,231,0,0.0
00-0039424,Devaughn Vele,WR,DEN,26.0,7,235,0,0.0
00-0039437,Cornelius Johnson,WR,GB,23.0,7,253,0,0.0
00-0039439,Jalon Calhoun,WR,DET,23.0,0,0,0,0.0
00-0039451,Isaiah Williams,WR,CIN,23.0,0,0,0,0.0
00-0039452,Isaac Rex,TE,LAC,25.0,0,0,0,0.0
00-0039455,Daijun Edwards,RB,PIT,23.0,0,0,0,0.0
00-0039456,John Rhys Plumlee,WR,SEA,23.0,0,0,0,0.0
00-0039458,Brenden Bates,TE,CLE,24.0,0,0,0,0.0
00-0039462,Peter LeBlanc,WR,CHI,23.0,0,0,0,0.0
00-0039464,Austin Reed,QB,CHI,24.0,0,0,0,0.0
00-0039466,Ian Wheeler,RB,CHI,22.0,0,0,0,0.0
00-0039471,Frank Gore Jr.,RB,BUF,22.0,0,0,0,0.0
00-0039473,Xavier Johnson,WR,HOU,25.0,0,0,0,0.0
00-0039474,Lawrence Keys,WR,BUF,24.0,0,0,0,0.0
00-0039479,Je'Quan Burton,WR,MIA,24.0,0,0,0,0.0
00-0039482,Gavin Hardison,QB,MIA,25.0,0,0,0,0.0
00-0039489,Hayden Rucci,TE,MIA,23.0,0,0,0,0.0
00-0039491,Jalen Coker,WR,CAR,22.0,0,0,0,0.0
00-0039500,Sam Pinckney,WR,CAR,24.0,0,0,0,0.0
00-0039501,Jack Plummer,QB,CAR,24.0,0,0,0,0.0
00-0039503,Jaden Shirden,RB,CAR,22.0,0,0,0,0.0
00-0039504,Ayir Asante,WR,NYG,23.0,0,0,0,0.0
00-0039505,John Jiles,WR,NE,24.0,0,0,0,0.0
00-0039511,Ahmarean Brown,WR,BUF,23.0,0,0,0,0.0
00-0039516,Aidan Robbins,RB,CLE,23.0,0,0,0,0.0
00-0039518,Treyton Welch,TE,NO,23.0,0,0,0,0.0
00-0039521,Xavier Weaver,WR,ARI,23.0,0,0,0,0.0
00-0039522,Corey Crooms,WR,DAL,23.0,0,0,0,0.0
00-0039524,Alec Holler,TE,DAL,25.0,0,0,0,0.0
00-0039525,Cam Johnson,WR,CAR,25.0,0,0,0,0.0
00-0039529,Nathaniel Peat,RB,DAL,24.0,0,0,0,0.0
00-0039530,Brevyn Spann-Ford,TE,DAL,24.0,0,0,0,0.0
00-0039534,Carter Bradley,QB,LV,24.0,0,0,0,0.0
00-0039536,Jeff Foreman,WR,LV,24.0,0,0,0,0.0
00-0039541,Lideatrick Griffin,WR,CLE,23.0,0,0,0,0.0
00-0039543,Ramel Keyton,WR,LV,23.0,0,0,0,0.0
00-0039550,Shawn Bowman,TE,JAX,24.0,0,0,0,0.0
00-0039552,Joshua Cephus,WR,JAX,23.0,0,0,0,0.0
00-0039553,Brevin Easton,WR,JAX,23.0,0,0,0,0.0
00-0039554,Jalen Jackson,RB,JAX,24.0,0,0,0,0.0
00-0039557,Lorenzo Lingard,RB,NYG,25.0,0,0,0,0.0
00-0039560,Wayne Ruby,WR,JAX,25.0,0,0,0,0.0
00-0039561,Joseph Scates,WR,JAX,24.0,0,0,0,0.0
00-0039562,David White Jr.,WR,JAX,24.0,0,0,0,0.0
00-0039573,Blake Watson,RB,DEN,24.0,0,0,0,0.0
00-0039574,Dylan Leonard,TE,DEN,25.0,0,0,0,0.0
00-0039575,Jason Bean,QB,IND,24.0,0,0,0,0.0
00-0039577,Kedon Slovis,QB,HOU,23.0,0,0,0,0.0
00-0039579,Xavier White,WR,IND,25.0,0,0,0,0.0
00-0039581,Trent Pennix,RB,IND,24.0,0,0,0,0.0
00-0039589,Kameron Johnson,WR,TB,22.0,0,0,0,0.0
00-0039591,Latreal Jones,WR,TB,25.0,0,0,0,0.0
00-0039592,Tanner Knue,WR,TB,24.0,0,0,0,0.0
00-0039595,D.J. Williams,RB,TB,24.0,0,0,0,0.0
00-0039597,Zack Annexstad,QB,TB,24.0,0,0,0,0.0
00-0039599,Kevin Foelsch,TE,PHI,23.0,0,0,0,0.0
00-0039603,British Brooks,RB,HOU,24.0,0,0,0,0.0
00-0039604,Jadon Janke,WR,MIA,24.0,0,0,0,0.0
00-0039605,Jaxon Janke,WR,HOU,25.0,0,0,0,0.0
00-0039613,Dallin Holker,TE,NO,24.0,0,0,0,0.0
00-0039614,Jermaine Jackson,WR,NO,24.0,0,0,0,0.0
00-0039617,Jacob Kibodi,RB,CLE,25.0,0,0,0,0.0
00-0039621,Kyle Sheets,WR,KC,23.0,0,0,0,0.0
00-0039623,Mason Tipton,WR,NO,23.0,0,0,0,0.0
00-0039626,Cole Burgess,WR,CIN,24.0,0,0,0,0.0
00-0039627,Noah Cain,RB,CIN,23.0,0,0,0,0.0
00-0039629,Elijah Collins,RB,CIN,24.0,0,0,0,0.0
00-0039631,Cam Grandy,TE,CIN,24.0,0,0,0,0.0
00-0039633,Rocky Lombardi,QB,CIN,26.0,0,0,0,0.0
00-0039636,Tre Mosley,WR,CIN,22.0,0,0,0,0.0
00-0039647,Dillon Johnson,RB,CAR,23.0,0,0,0,0.0
00-0039648,David Martin-Robinson,TE,TEN,24.0,0,0,0,0.0
00-0039650,Bryce Oliver,WR,TEN,24.0,0,0,0,0.0
00-0039651,Sam Schnee,RB,TEN,24.0,0,0,0,0.0
00-0039652,Jabari Small,RB,TEN,23.0,0,0,0,0.0
00-0039654,Steven Stilianos,TE,TEN,24.0,0,0,0,0.0
00-0039656,Luke Benson,TE,LAC,23.0,0,0,0,0.0
00-0039657,Casey Bauman,QB,LAC,24.0,0,0,0,0.0
00-0039659,Jaelen Gill,WR,CLE,24.0,0,0,0,0.0
00-0039661,Zach Heins,TE,LAC,24.0,0,0,0,0.0
00-0039664,Jaylen Johnson,WR,LAC,24.0,0,0,0,0.0
00-0039665,Leon Johnson,WR,LAC,23.0,0,0,0,0.0
00-0039677,Sam Hartman,QB,WAS,25.0,0,0,0,0.0
00-0039678,Austin Jones,RB,WAS,23.0,0,0,0,0.0
00-0039683,Marcus Rosemy-Jacksaint,WR,PHI,22.0,0,0,0,0.0
00-0039684,Michael Wiley,RB,WAS,22.0,0,0,0,0.0
00-0039686,Colson Yankoff,RB,WAS,24.0,0,0,0,0.0
00-0039687,DeShaun Fenwick,RB,GB,24.0,0,0,0,0.0
00-0039695,Jacob Warren,TE,NE,24.0,0,0,0,0.0
00-0039699,Tanner Mordecai,QB,SF,24.0,0,0,0,0.0
00-0039701,Terique Owens,WR,SF,24.0,0,0,0,0.0
00-0039702,Mason Pline,TE,SF,24.0,0,0,0,0.0
00-0039703,Cody Schrader,RB,LA,24.0,0,0,0,0.0
00-0039708,Devron Harper,WR,MIN,25.0,0,0,0,0.0
00-0039709,Ty James,WR,MIN,23.0,0,0,0,0.0
00-0039710,Jeshaun Jones,WR,MIN,24.0,0,0,0,0.0
00-0039711,Trey Knox,TE,MIN,23.0,0,0,0,0.0
00-0039722,JaQuae Jackson,WR,NE,24.0,0,0,0,0.0
00-0039723,John Paddock,QB,ATL,24.0,0,0,0,0.0
00-0039728,Austin Stogner,TE,ATL,24.0,0,0,0,0.0
00-0039730,Isaiah Wooden,WR,LAC,24.0,0,0,0,0.0
00-0039732,Bo Nix,QB,DEN,24.0,1,12,0,0.0
00-0039737,Tip Reiman,TE,ARI,22.0,3,82,0,0.0
00-0039738,Blake Corum,RB,LA,23.0,3,83,0,0.0
00-0039739,Roman Wilson,WR,PIT,23.0,3,84,0,0.0
00-0039746,Will Shipley,RB,PHI,22.0,4,127,0,0.0
00-0039747,Ainias Smith,WR,PHI,23.0,5,152,0,0.0
00-0039751,Jordan Whittington,WR,LA,23.0,7,213,0,0.0
00-0039754,Devin Culp,TE,TB,24.0,7,246,0,0.0
00-0039757,Terrell Jennings,RB,NE,23.0,0,0,0,0.0
00-0039760,John Jackson,WR,CHI,25.0,0,0,0,0.0
00-0039766,Ramon Jefferson,RB,TB,24.0,0,0,0,0.0
00-0039771,Sam Wiglusz,WR,LA,25.0,0,0,0,0.0
00-0039773,Drake Stoops,WR,LA,25.0,0,0,0,0.0
00-0039781,JJ Laap,WR,LA,23.0,0,0,0,0.0
00-0039782,Neal Johnson,TE,NYJ,23.0,0,0,0,0.0
00-0039785,Hamze El-Zayat,WR,NYJ,25.0,0,0,0,0.0
00-0039786,Markese Stepp,RB,NYJ,25.0,0,0,0,0.0
00-0039792,Devontez Walker,WR,BAL,23.0,4,113,0,0.0
00-0039793,AJ Barner,TE,SEA,22.0,4,121,0,0.0
00-0039794,Braelon Allen,RB,NYJ,20.0,5,134,0,0.0
00-0039796,Rasheen Ali,RB,BAL,23.0,6,165,0,0.0
00-0039797,Jordan Travis,QB,NYJ,24.0,6,171,0,0.0
00-0039798,Isaiah Davis,RB,NYJ,22.0,6,173,0,0.0
00-0039801,Devin Leary,QB,BAL,24.0,7,218,0,0.0
00-0039810,Jermaine Burton,WR,CIN,23.0,3,80,0,0.0
00-0039811,MarShawn Lloyd,RB,GB,23.0,3,88,0,0.0
00-0039814,Erick All,TE,CIN,23.0,4,115,0,0.0
00-0039816,Anthony Gould,WR,IND,23.0,5,142,0,0.0
00-0039824,Jared Wiley,TE,KC,23.0,5,131,0,0.0
00-0039843,Qadir Ismail,WR,BAL,24.0,0,0,0,0.0
00-0039847,Theo Johnson,TE,NYG,23.0,4,107,0,0.0
00-0039848,OJ Hiliare,WR,ATL,23.0,0,0,0,0.0
00-0039849,Marvin Harrison Jr.,WR,ARI,22.0,1,4,0,0.0
00-0039851,Drake Maye,QB,NE,22.0,1,3,0,0.0
00-0039853,Javon Baker,WR,NE,22.0,4,110,0,0.0
00-0039855,Jalen McMillan,WR,TB,22.0,3,92,0,0.0
00-0039868,Troy Franklin,WR,DEN,21.0,4,102,0,0.0
00-0039869,David Wallis,WR,NE,23.0,0,0,0,0.0
00-0039874,Jaylen Wright,RB,MIA,21.0,4,120,0,0.0
00-0039875,Ray Davis,RB,BUF,24.0,5,128,0,0.0
00-0039880,Malik Washington,WR,MIA,23.0,6,184,0,0.0
00-0039884,Tahj Washington,WR,MIA,23.0,7,241,0,0.0
00-0039890,Adonai Mitchell,WR,IND,21.0,2,52,0,0.0
00-0039891,Derek Slywka,WR,IND,23.0,0,0,0,0.0
00-0039893,Brian Thomas Jr.,WR,JAX,21.0,1,23,0,0.0
00-0039894,Xavier Worthy,WR,KC,21.0,1,28,0,0.0
00-0039901,Keon Coleman,WR,BUF,21.0,2,33,0,0.0
00-0039907,Ja'Lynn Polk,WR,NE,23.0,2,37,0,0.0
00-0039910,Jayden Daniels,QB,WAS,23.0,1,2,0,0.0
00-0039912,Ben Sinnott,TE,WAS,22.0,2,53,0,0.0
00-0039914,Praise Olatoke,WR,CAR,24.0,0,0,0,0.0
00-0039915,Ladd McConkey,WR,LAC,22.0,2,34,0,0.0
00-0039916,Ricky Pearsall,WR,SF,23.0,1,31,0,0.0
00-0039917,Michael Penix Jr.,QB,ATL,24.0,1,8,0,0.0
00-0039918,Caleb Williams,QB,CHI,22.0,1,1,0,0.0
00-0039919,Rome Odunze,WR,CHI,22.0,1,9,0,0.0
00-0039920,Malachi Corley,WR,NYJ,22.0,3,65,0,0.0
00-0039921,Trey Benson,RB,ARI,22.0,3,66,0,0.0
00-0039923,J.J. McCarthy,QB,MIN,21.0,1,10,0,0.0
00-0039928,Devin Carter,WR,CAR,25.0,0,0,0,0.0
00-0039936,Thomas Yassmin,TE,DEN,24.0,0,0,0,0.0
00-0039940,Kairee Robinson,RB,SEA,24.0,0,0,0,0.0
00-0039941,Geor'Quarius Spivey,TE,KC,24.0,0,0,0,0.0
00-0039942,Mason Fairchild,TE,NO,23.0,0,0,0,0.0
00-0039952,Devon Garrison,TE,SEA,24.0,0,0,0,0.0
