season,week,def_team,position,fp_allowed
2024,1,NYJ,QB,5.12
2024,1,NYJ,RB,22.2
2024,1,NYJ,WR,11.63
2024,1,NYJ,TE,4.0
2024,2,NYJ,QB,11.48
2024,2,NYJ,RB,10.15
2024,2,NYJ,WR,7.8
2024,2,NYJ,TE,3.95
2024,3,NYJ,QB,3.0
2024,3,NYJ,RB,2.5
2024,3,NYJ,WR,4.82
2024,3,NYJ,TE,2.9
2024,4,NYJ,QB,6.7
2024,4,NYJ,RB,5.07
2024,4,NYJ,WR,4.2
2024,4,NYJ,TE,0.5
2024,5,NYJ,QB,2.61
2024,5,NYJ,RB,4.83
2024,5,NYJ,WR,10.9
2024,5,NYJ,TE,5.1
2024,6,NYJ,QB,24.4
2024,6,NYJ,RB,10.8
2024,6,NYJ,WR,6.18
2024,6,NYJ,TE,9.65
2024,7,NYJ,QB,24.86
2024,7,NYJ,RB,12.05
2024,7,NYJ,WR,12.07
2024,7,NYJ,TE,7.35
2024,8,NYJ,QB,9.95
2024,8,NYJ,RB,12.1
2024,8,NYJ,WR,2.96
2024,8,NYJ,TE,7.0
2024,9,NYJ,QB,11.54
2024,9,NYJ,RB,6.27
2024,9,NYJ,WR,6.25
2024,9,NYJ,TE,2.55
2024,10,NYJ,QB,14.32
2024,10,NYJ,RB,9.05
2024,10,NYJ,WR,7.57
2024,10,NYJ,TE,7.2
2024,11,NYJ,QB,28.08
2024,11,NYJ,RB,4.15
2024,11,NYJ,WR,10.98
2024,11,NYJ,TE,2.3
2024,12,NYJ,QB,15.53
2024,12,NYJ,RB,8.86
2024,12,NYJ,WR,8.66
2024,12,NYJ,TE,7.13
2024,13,NYJ,QB,12.44
2024,13,NYJ,RB,9.35
2024,13,NYJ,WR,9.03
2024,13,NYJ,TE,5.0
2024,14,NYJ,QB,23.54
2024,14,NYJ,RB,8.1
2024,14,NYJ,WR,12.52
2024,14,NYJ,TE,5.27
2024,15,NYJ,QB,18.66
2024,15,NYJ,RB,8.35
2024,15,NYJ,WR,12.02
2024,15,NYJ,TE,18.3
2024,16,NYJ,QB,6.0
2024,16,NYJ,RB,10.65
2024,16,NYJ,WR,5.3
2024,16,NYJ,TE,4.05
2024,17,NYJ,QB,14.82
2024,17,NYJ,RB,5.7
2024,17,NYJ,WR,10.2
2024,17,NYJ,TE,1.93
2024,1,CHI,QB,6.68
2024,1,CHI,RB,12.8
2024,1,CHI,WR,3.98
2024,1,CHI,TE,6.3
2024,2,CHI,QB,14.3
2024,2,CHI,RB,4.93
2024,2,CHI,WR,9.38
2024,2,CHI,TE,2.77
2024,3,CHI,QB,5.08
2024,3,CHI,RB,17.05
2024,3,CHI,WR,3.64
2024,3,CHI,TE,2.5
2024,4,CHI,QB,4.86
2024,4,CHI,RB,11.5
2024,4,CHI,WR,7.52
2024,4,CHI,TE,7.3
2024,5,CHI,QB,3.43
2024,5,CHI,RB,11.4
2024,5,CHI,WR,5.5
2024,5,CHI,TE,2.0
2024,6,CHI,QB,8.65
2024,6,CHI,RB,2.9
2024,6,CHI,WR,11.37
2024,6,CHI,TE,10.15
2024,7,CHI,QB,12.65
2024,7,CHI,RB,9.54
2024,7,CHI,WR,7.03
2024,7,CHI,TE,7.34
2024,8,CHI,QB,22.24
2024,8,CHI,RB,5.43
2024,8,CHI,WR,9.3
2024,8,CHI,TE,8.85
2024,9,CHI,QB,4.76
2024,9,CHI,RB,10.9
2024,9,CHI,WR,1.13
2024,9,CHI,TE,9.05
2024,10,CHI,QB,11.76
2024,10,CHI,RB,4.9
2024,10,CHI,WR,6.22
2024,10,CHI,TE,5.9
2024,11,CHI,QB,20.24
2024,11,CHI,RB,9.47
2024,11,CHI,WR,7.88
2024,11,CHI,TE,0.0
2024,12,CHI,QB,10.83
2024,12,CHI,RB,11.7
2024,12,CHI,WR,14.13
2024,12,CHI,TE,10.05
2024,13,CHI,QB,16.94
2024,13,CHI,RB,12.9
2024,13,CHI,WR,9.57
2024,13,CHI,TE,8.95
2024,14,CHI,QB,10.05
2024,14,CHI,RB,11.9
2024,14,CHI,WR,8.75
2024,14,CHI,TE,11.25
2024,15,CHI,QB,11.24
2024,15,CHI,RB,9.13
2024,15,CHI,WR,7.78
2024,15,CHI,TE,5.1
2024,16,CHI,QB,25.34
2024,16,CHI,RB,9.0
2024,16,CHI,WR,15.0
2024,16,CHI,TE,14.3
2024,17,CHI,QB,8.3
2024,17,CHI,RB,7.6
2024,17,CHI,WR,6.13
2024,17,CHI,TE,3.85
2024,1,IND,QB,18.66
2024,1,IND,RB,9.9
2024,1,IND,WR,12.45
2024,1,IND,TE,2.95
2024,2,IND,QB,12.98
2024,2,IND,RB,5.6
2024,2,IND,WR,7.05
2024,2,IND,TE,2.6
2024,3,IND,QB,17.32
2024,3,IND,RB,5.77
2024,3,IND,WR,14.6
2024,3,IND,TE,12.85
2024,4,IND,QB,31.98
2024,4,IND,RB,6.33
2024,4,IND,WR,7.7
2024,4,IND,TE,10.9
2024,5,IND,QB,21.24
2024,5,IND,RB,13.63
2024,5,IND,WR,10.28
2024,5,IND,TE,5.77
2024,6,IND,QB,7.3
2024,6,IND,RB,6.9
2024,6,IND,WR,5.02
2024,6,IND,TE,2.4
2024,7,IND,QB,6.42
2024,7,IND,RB,5.6
2024,7,IND,WR,1.82
2024,7,IND,TE,12.0
2024,8,IND,QB,12.4
2024,8,IND,RB,8.07
2024,8,IND,WR,7.76
2024,8,IND,TE,6.55
2024,9,IND,QB,19.0
2024,9,IND,RB,9.75
2024,9,IND,WR,9.8
2024,9,IND,TE,7.5
2024,10,IND,QB,9.05
2024,10,IND,RB,7.43
2024,10,IND,WR,10.63
2024,10,IND,TE,5.2
2024,11,IND,QB,16.06
2024,11,IND,RB,15.85
2024,11,IND,WR,5.92
2024,11,IND,TE,3.8
2024,12,IND,QB,10.76
2024,12,IND,RB,13.93
2024,12,IND,WR,8.38
2024,12,IND,TE,4.65
2024,13,IND,QB,19.42
2024,13,IND,RB,12.3
2024,13,IND,WR,5.65
2024,13,IND,TE,14.35
2024,14,IND,QB,15.82
2024,14,IND,RB,10.01
2024,14,IND,WR,10.79
2024,14,IND,TE,5.9
2024,15,IND,QB,13.5
2024,15,IND,RB,4.5
2024,15,IND,WR,4.22
2024,15,IND,TE,7.1
2024,16,IND,QB,14.38
2024,16,IND,RB,14.8
2024,16,IND,WR,8.02
2024,16,IND,TE,10.35
2024,17,IND,QB,34.36
2024,17,IND,RB,6.65
2024,17,IND,WR,17.6
2024,17,IND,TE,2.2
2024,1,BAL,QB,15.14
2024,1,BAL,RB,6.03
2024,1,BAL,WR,10.4
2024,1,BAL,TE,6.55
2024,2,BAL,QB,12.94
2024,2,BAL,RB,5.03
2024,2,BAL,WR,9.1
2024,2,BAL,TE,6.97
2024,3,BAL,QB,29.86
2024,3,BAL,RB,4.37
2024,3,BAL,WR,8.62
2024,3,BAL,TE,8.5
2024,4,BAL,QB,3.69
2024,4,BAL,RB,4.4
2024,4,BAL,WR,4.66
2024,4,BAL,TE,5.35
2024,5,BAL,QB,33.78
2024,5,BAL,RB,12.3
2024,5,BAL,WR,25.17
2024,5,BAL,TE,4.05
2024,6,BAL,QB,20.96
2024,6,BAL,RB,5.85
2024,6,BAL,WR,8.68
2024,6,BAL,TE,10.8
2024,7,BAL,QB,27.0
2024,7,BAL,RB,16.87
2024,7,BAL,WR,7.14
2024,7,BAL,TE,18.0
2024,8,BAL,QB,23.56
2024,8,BAL,RB,3.03
2024,8,BAL,WR,19.43
2024,8,BAL,TE,6.27
2024,9,BAL,QB,17.72
2024,9,BAL,RB,6.3
2024,9,BAL,WR,6.76
2024,9,BAL,TE,0.7
2024,10,BAL,QB,33.72
2024,10,BAL,RB,22.4
2024,10,BAL,WR,20.8
2024,10,BAL,TE,8.1
2024,11,BAL,QB,4.0
2024,11,BAL,RB,8.37
2024,11,BAL,WR,4.8
2024,11,BAL,TE,4.8
2024,12,BAL,QB,17.62
2024,12,BAL,RB,5.43
2024,12,BAL,WR,5.5
2024,12,BAL,TE,5.2
2024,13,BAL,QB,17.62
2024,13,BAL,RB,10.05
2024,13,BAL,WR,3.32
2024,13,BAL,TE,12.5
2024,14,BAL,QB,15.82
2024,14,BAL,RB,10.01
2024,14,BAL,WR,10.79
2024,14,BAL,TE,5.9
2024,15,BAL,QB,4.77
2024,15,BAL,RB,8.8
2024,15,BAL,WR,11.53
2024,15,BAL,TE,6.5
2024,16,BAL,QB,15.38
2024,16,BAL,RB,8.87
2024,16,BAL,WR,6.28
2024,16,BAL,TE,4.33
2024,17,BAL,QB,3.15
2024,17,BAL,RB,3.33
2024,17,BAL,WR,6.72
2024,17,BAL,TE,2.6
2024,1,LA,QB,11.38
2024,1,LA,RB,16.85
2024,1,LA,WR,9.97
2024,1,LA,TE,4.85
2024,2,LA,QB,12.97
2024,2,LA,RB,8.9
2024,2,LA,WR,12.4
2024,2,LA,TE,10.75
2024,3,LA,QB,25.78
2024,3,LA,RB,6.35
2024,3,LA,WR,19.5
2024,3,LA,TE,6.1
2024,4,LA,QB,11.48
2024,4,LA,RB,19.05
2024,4,LA,WR,6.03
2024,4,LA,TE,6.4
2024,5,LA,QB,15.96
2024,5,LA,RB,9.45
2024,5,LA,WR,5.82
2024,5,LA,TE,24.8
2024,6,LA,QB,15.72
2024,6,LA,RB,9.23
2024,6,LA,WR,8.85
2024,6,LA,TE,7.28
2024,7,LA,QB,0.22
2024,7,LA,RB,9.5
2024,7,LA,WR,5.7
2024,7,LA,TE,11.6
2024,8,LA,QB,18.2
2024,8,LA,RB,11.5
2024,8,LA,WR,8.82
2024,8,LA,TE,6.5
2024,9,LA,QB,22.12
2024,9,LA,RB,9.5
2024,9,LA,WR,14.68
2024,9,LA,TE,6.7
2024,10,LA,QB,8.18
2024,10,LA,RB,5.3
2024,10,LA,WR,8.62
2024,10,LA,TE,3.03
2024,11,LA,QB,17.98
2024,11,LA,RB,5.37
2024,11,LA,WR,11.73
2024,11,LA,TE,6.6
2024,12,LA,QB,7.43
2024,12,LA,RB,27.2
2024,12,LA,WR,8.1
2024,12,LA,TE,2.95
2024,13,LA,QB,14.56
2024,13,LA,RB,8.8
2024,13,LA,WR,6.25
2024,13,LA,TE,6.97
2024,14,LA,QB,51.88
2024,14,LA,RB,9.2
2024,14,LA,WR,14.1
2024,14,LA,TE,1.5
2024,15,LA,QB,3.98
2024,15,LA,RB,11.5
2024,15,LA,WR,4.2
2024,15,LA,TE,10.1
2024,16,LA,QB,12.84
2024,16,LA,RB,5.73
2024,16,LA,WR,11.73
2024,16,LA,TE,4.7
2024,17,LA,QB,16.04
2024,17,LA,RB,4.8
2024,17,LA,WR,7.55
2024,17,LA,TE,17.3
2024,1,CAR,QB,10.65
2024,1,CAR,RB,11.73
2024,1,CAR,WR,5.25
2024,1,CAR,TE,9.83
2024,2,CAR,QB,11.0
2024,2,CAR,RB,9.03
2024,2,CAR,WR,10.2
2024,2,CAR,TE,2.47
2024,3,CAR,QB,10.62
2024,3,CAR,RB,6.7
2024,3,CAR,WR,17.27
2024,3,CAR,TE,4.4
2024,4,CAR,QB,16.28
2024,4,CAR,RB,20.5
2024,4,CAR,WR,11.13
2024,4,CAR,TE,2.63
2024,5,CAR,QB,11.58
2024,5,CAR,RB,17.25
2024,5,CAR,WR,14.27
2024,5,CAR,TE,6.45
2024,6,CAR,QB,12.5
2024,6,CAR,RB,22.65
2024,6,CAR,WR,10.17
2024,6,CAR,TE,10.0
2024,7,CAR,QB,12.42
2024,7,CAR,RB,7.1
2024,7,CAR,WR,7.05
2024,7,CAR,TE,11.3
2024,8,CAR,QB,29.76
2024,8,CAR,RB,7.4
2024,8,CAR,WR,6.16
2024,8,CAR,TE,9.87
2024,9,CAR,QB,13.44
2024,9,CAR,RB,16.15
2024,9,CAR,WR,1.82
2024,9,CAR,TE,10.27
2024,10,CAR,QB,12.2
2024,10,CAR,RB,10.45
2024,10,CAR,WR,7.62
2024,10,CAR,TE,7.7
2024,11,CAR,QB,17.48
2024,11,CAR,RB,8.57
2024,11,CAR,WR,8.81
2024,11,CAR,TE,6.57
2024,12,CAR,QB,28.76
2024,12,CAR,RB,6.13
2024,12,CAR,WR,5.84
2024,12,CAR,TE,17.4
2024,13,CAR,QB,5.2
2024,13,CAR,RB,18.15
2024,13,CAR,WR,9.62
2024,13,CAR,TE,6.0
2024,14,CAR,QB,24.22
2024,14,CAR,RB,9.85
2024,14,CAR,WR,5.88
2024,14,CAR,TE,10.6
2024,15,CAR,QB,19.06
2024,15,CAR,RB,10.0
2024,15,CAR,WR,10.5
2024,15,CAR,TE,2.75
2024,16,CAR,QB,20.38
2024,16,CAR,RB,14.5
2024,16,CAR,WR,6.0
2024,16,CAR,TE,2.5
2024,17,CAR,QB,17.18
2024,17,CAR,RB,10.93
2024,17,CAR,WR,12.1
2024,17,CAR,TE,9.9
2024,1,CLE,QB,5.68
2024,1,CLE,RB,5.83
2024,1,CLE,WR,7.82
2024,1,CLE,TE,4.5
2024,2,CLE,QB,13.3
2024,2,CLE,RB,8.7
2024,2,CLE,WR,4.0
2024,2,CLE,TE,6.4
2024,3,CLE,QB,19.44
2024,3,CLE,RB,8.27
2024,3,CLE,WR,10.75
2024,3,CLE,TE,2.5
2024,4,CLE,QB,5.0
2024,4,CLE,RB,3.37
2024,4,CLE,WR,11.03
2024,4,CLE,TE,4.6
2024,5,CLE,QB,9.92
2024,5,CLE,RB,11.97
2024,5,CLE,WR,6.96
2024,5,CLE,TE,3.0
2024,6,CLE,QB,21.86
2024,6,CLE,RB,4.85
2024,6,CLE,WR,14.1
2024,6,CLE,TE,5.35
2024,7,CLE,QB,14.94
2024,7,CLE,RB,7.15
2024,7,CLE,WR,10.45
2024,7,CLE,TE,0.3
2024,8,CLE,QB,24.16
2024,8,CLE,RB,8.8
2024,8,CLE,WR,11.63
2024,8,CLE,TE,8.4
2024,9,CLE,QB,19.48
2024,9,CLE,RB,12.6
2024,9,CLE,WR,9.74
2024,9,CLE,TE,1.9
2024,10,CLE,QB,13.22
2024,10,CLE,RB,8.59
2024,10,CLE,WR,8.35
2024,10,CLE,TE,6.29
2024,11,CLE,QB,9.26
2024,11,CLE,RB,6.6
2024,11,CLE,WR,7.13
2024,11,CLE,TE,20.51
2024,12,CLE,QB,8.2
2024,12,CLE,RB,7.53
2024,12,CLE,WR,10.5
2024,12,CLE,TE,7.15
2024,13,CLE,QB,12.16
2024,13,CLE,RB,6.0
2024,13,CLE,WR,10.88
2024,13,CLE,TE,2.67
2024,14,CLE,QB,16.02
2024,14,CLE,RB,6.53
2024,14,CLE,WR,5.7
2024,14,CLE,TE,4.9
2024,15,CLE,QB,8.28
2024,15,CLE,RB,5.33
2024,15,CLE,WR,8.98
2024,15,CLE,TE,8.4
2024,16,CLE,QB,10.94
2024,16,CLE,RB,13.9
2024,16,CLE,WR,18.83
2024,16,CLE,TE,2.8
2024,17,CLE,QB,24.2
2024,17,CLE,RB,3.4
2024,17,CLE,WR,7.72
2024,17,CLE,TE,11.6
2024,1,PIT,QB,6.2
2024,1,PIT,RB,9.1
2024,1,PIT,WR,5.07
2024,1,PIT,TE,6.5
2024,2,PIT,QB,8.34
2024,2,PIT,RB,4.97
2024,2,PIT,WR,5.58
2024,2,PIT,TE,2.3
2024,3,PIT,QB,4.98
2024,3,PIT,RB,4.65
2024,3,PIT,WR,5.82
2024,3,PIT,TE,4.2
2024,4,PIT,QB,10.13
2024,4,PIT,RB,10.3
2024,4,PIT,WR,10.6
2024,4,PIT,TE,8.5
2024,5,PIT,QB,16.38
2024,5,PIT,RB,10.55
2024,5,PIT,WR,10.88
2024,5,PIT,TE,6.27
2024,6,PIT,QB,11.08
2024,6,PIT,RB,6.77
2024,6,PIT,WR,5.4
2024,6,PIT,TE,10.75
2024,7,PIT,QB,13.04
2024,7,PIT,RB,9.63
2024,7,PIT,WR,6.28
2024,7,PIT,TE,10.7
2024,8,PIT,QB,6.66
2024,8,PIT,RB,9.53
2024,8,PIT,WR,12.3
2024,8,PIT,TE,3.25
2024,9,PIT,QB,15.6
2024,9,PIT,RB,10.17
2024,9,PIT,WR,8.07
2024,9,PIT,TE,6.53
2024,10,PIT,QB,8.58
2024,10,PIT,RB,8.4
2024,10,PIT,WR,5.68
2024,10,PIT,TE,7.1
2024,11,PIT,QB,14.88
2024,11,PIT,RB,9.3
2024,11,PIT,WR,3.74
2024,11,PIT,TE,6.85
2024,12,PIT,QB,13.46
2024,12,PIT,RB,11.35
2024,12,PIT,WR,7.47
2024,12,PIT,TE,4.87
2024,13,PIT,QB,19.26
2024,13,PIT,RB,10.2
2024,13,PIT,WR,17.0
2024,13,PIT,TE,6.63
2024,14,PIT,QB,15.28
2024,14,PIT,RB,5.13
2024,14,PIT,WR,7.45
2024,14,PIT,TE,6.53
2024,15,PIT,QB,28.1
2024,15,PIT,RB,9.2
2024,15,PIT,WR,13.25
2024,15,PIT,TE,3.2
2024,16,PIT,QB,20.48
2024,16,PIT,RB,8.03
2024,16,PIT,WR,11.85
2024,16,PIT,TE,12.85
2024,17,PIT,QB,26.0
2024,17,PIT,RB,4.9
2024,17,PIT,WR,10.4
2024,17,PIT,TE,12.0
2024,1,ATL,QB,11.94
2024,1,ATL,RB,4.73
2024,1,ATL,WR,5.43
2024,1,ATL,TE,3.37
2024,2,ATL,QB,23.82
2024,2,ATL,RB,9.1
2024,2,ATL,WR,7.62
2024,2,ATL,TE,5.35
2024,3,ATL,QB,16.38
2024,3,ATL,RB,7.7
2024,3,ATL,WR,11.52
2024,3,ATL,TE,4.65
2024,4,ATL,QB,8.06
2024,4,ATL,RB,14.4
2024,4,ATL,WR,12.0
2024,4,ATL,TE,8.85
2024,5,ATL,QB,23.4
2024,5,ATL,RB,7.6
2024,5,ATL,WR,14.07
2024,5,ATL,TE,7.4
2024,6,ATL,QB,14.94
2024,6,ATL,RB,8.8
2024,6,ATL,WR,8.38
2024,6,ATL,TE,4.95
2024,7,ATL,QB,17.78
2024,7,ATL,RB,8.57
2024,7,ATL,WR,8.42
2024,7,ATL,TE,6.0
2024,8,ATL,QB,22.3
2024,8,ATL,RB,11.2
2024,8,ATL,WR,6.52
2024,8,ATL,TE,29.1
2024,9,ATL,QB,11.66
2024,9,ATL,RB,11.25
2024,9,ATL,WR,8.12
2024,9,ATL,TE,14.1
2024,10,ATL,QB,20.46
2024,10,ATL,RB,9.15
2024,10,ATL,WR,11.1
2024,10,ATL,TE,3.73
2024,11,ATL,QB,28.78
2024,11,ATL,RB,8.7
2024,11,ATL,WR,12.68
2024,11,ATL,TE,4.1
2024,12,ATL,QB,15.53
2024,12,ATL,RB,8.86
2024,12,ATL,WR,8.66
2024,12,ATL,TE,7.13
2024,13,ATL,QB,7.98
2024,13,ATL,RB,1.43
2024,13,ATL,WR,7.4
2024,13,ATL,TE,0.8
2024,14,ATL,QB,17.19
2024,14,ATL,RB,10.05
2024,14,ATL,WR,35.75
2024,14,ATL,TE,6.05
2024,15,ATL,QB,11.12
2024,15,ATL,RB,8.83
2024,15,ATL,WR,5.47
2024,15,ATL,TE,4.3
2024,16,ATL,QB,6.5
2024,16,ATL,RB,6.43
2024,16,ATL,WR,8.15
2024,16,ATL,TE,1.5
2024,17,ATL,QB,31.78
2024,17,ATL,RB,7.23
2024,17,ATL,WR,10.1
2024,17,ATL,TE,13.8
2024,1,DAL,QB,10.66
2024,1,DAL,RB,11.95
2024,1,DAL,WR,5.08
2024,1,DAL,TE,7.05
2024,2,DAL,QB,10.76
2024,2,DAL,RB,23.95
2024,2,DAL,WR,16.85
2024,2,DAL,TE,2.9
2024,3,DAL,QB,25.98
2024,3,DAL,RB,18.9
2024,3,DAL,WR,7.9
2024,3,DAL,TE,1.8
2024,4,DAL,QB,9.54
2024,4,DAL,RB,2.67
2024,4,DAL,WR,12.45
2024,4,DAL,TE,1.6
2024,5,DAL,QB,8.35
2024,5,DAL,RB,4.0
2024,5,DAL,WR,3.68
2024,5,DAL,TE,7.0
2024,6,DAL,QB,12.88
2024,6,DAL,RB,8.92
2024,6,DAL,WR,10.5
2024,6,DAL,TE,6.1
2024,7,DAL,QB,12.65
2024,7,DAL,RB,9.54
2024,7,DAL,WR,7.03
2024,7,DAL,TE,7.34
2024,8,DAL,QB,26.0
2024,8,DAL,RB,7.3
2024,8,DAL,WR,6.08
2024,8,DAL,TE,24.8
2024,9,DAL,QB,17.78
2024,9,DAL,RB,14.65
2024,9,DAL,WR,11.22
2024,9,DAL,TE,2.1
2024,10,DAL,QB,14.99
2024,10,DAL,RB,5.7
2024,10,DAL,WR,6.62
2024,10,DAL,TE,5.25
2024,11,DAL,QB,10.88
2024,11,DAL,RB,12.53
2024,11,DAL,WR,7.2
2024,11,DAL,TE,5.9
2024,12,DAL,QB,30.4
2024,12,DAL,RB,3.33
2024,12,DAL,WR,8.7
2024,12,DAL,TE,8.05
2024,13,DAL,QB,14.82
2024,13,DAL,RB,8.4
2024,13,DAL,WR,5.88
2024,13,DAL,TE,10.4
2024,14,DAL,QB,24.56
2024,14,DAL,RB,13.2
2024,14,DAL,WR,19.17
2024,14,DAL,TE,3.87
2024,15,DAL,QB,11.96
2024,15,DAL,RB,5.15
2024,15,DAL,WR,9.48
2024,15,DAL,TE,1.75
2024,16,DAL,QB,22.32
2024,16,DAL,RB,14.6
2024,16,DAL,WR,8.23
2024,16,DAL,TE,7.9
2024,17,DAL,QB,12.99
2024,17,DAL,RB,7.17
2024,17,DAL,WR,21.3
2024,17,DAL,TE,2.2
2024,1,SF,QB,7.36
2024,1,SF,RB,10.5
2024,1,SF,WR,19.45
2024,1,SF,TE,1.6
2024,2,SF,QB,19.92
2024,2,SF,RB,9.0
2024,2,SF,WR,11.0
2024,2,SF,TE,3.2
2024,3,SF,QB,12.84
2024,3,SF,RB,16.25
2024,3,SF,WR,7.08
2024,3,SF,TE,5.1
2024,4,SF,QB,7.02
2024,4,SF,RB,6.87
2024,4,SF,WR,2.74
2024,4,SF,TE,6.25
2024,5,SF,QB,24.1
2024,5,SF,RB,7.5
2024,5,SF,WR,6.7
2024,5,SF,TE,6.67
2024,6,SF,QB,12.48
2024,6,SF,RB,12.7
2024,6,SF,WR,8.88
2024,6,SF,TE,7.3
2024,7,SF,QB,12.06
2024,7,SF,RB,9.27
2024,7,SF,WR,4.93
2024,7,SF,TE,5.43
2024,8,SF,QB,13.62
2024,8,SF,RB,7.0
2024,8,SF,WR,12.67
2024,8,SF,TE,4.15
2024,9,SF,QB,15.6
2024,9,SF,RB,10.17
2024,9,SF,WR,8.07
2024,9,SF,TE,6.53
2024,10,SF,QB,8.94
2024,10,SF,RB,18.35
2024,10,SF,WR,1.78
2024,10,SF,TE,8.5
2024,11,SF,QB,15.74
2024,11,SF,RB,8.2
2024,11,SF,WR,13.23
2024,11,SF,TE,3.5
2024,12,SF,QB,14.72
2024,12,SF,RB,12.1
2024,12,SF,WR,4.65
2024,12,SF,TE,5.9
2024,13,SF,QB,10.79
2024,13,SF,RB,12.47
2024,13,SF,WR,4.9
2024,13,SF,TE,3.33
2024,14,SF,QB,7.15
2024,14,SF,RB,3.13
2024,14,SF,WR,9.68
2024,14,SF,TE,5.9
2024,15,SF,QB,8.2
2024,15,SF,RB,8.6
2024,15,SF,WR,4.85
2024,15,SF,TE,3.9
2024,16,SF,QB,12.5
2024,16,SF,RB,12.93
2024,16,SF,WR,6.43
2024,16,SF,TE,6.85
2024,17,SF,QB,25.82
2024,17,SF,RB,11.93
2024,17,SF,WR,12.4
2024,17,SF,TE,18.4
2024,1,WAS,QB,14.73
2024,1,WAS,RB,13.1
2024,1,WAS,WR,11.7
2024,1,WAS,TE,1.5
2024,2,WAS,QB,18.32
2024,2,WAS,RB,7.35
2024,2,WAS,WR,14.93
2024,2,WAS,TE,4.7
2024,3,WAS,QB,25.36
2024,3,WAS,RB,14.8
2024,3,WAS,WR,17.63
2024,3,WAS,TE,7.45
2024,4,WAS,QB,9.98
2024,4,WAS,RB,8.9
2024,4,WAS,WR,9.37
2024,4,WAS,TE,3.2
2024,5,WAS,QB,4.37
2024,5,WAS,RB,5.03
2024,5,WAS,WR,5.57
2024,5,WAS,TE,6.8
2024,6,WAS,QB,18.92
2024,6,WAS,RB,13.3
2024,6,WAS,WR,12.33
2024,6,WAS,TE,10.15
2024,7,WAS,QB,-0.07
2024,7,WAS,RB,7.5
2024,7,WAS,WR,2.53
2024,7,WAS,TE,7.25
2024,8,WAS,QB,9.94
2024,8,WAS,RB,12.75
2024,8,WAS,WR,5.35
2024,8,WAS,TE,2.85
2024,9,WAS,QB,24.36
2024,9,WAS,RB,5.6
2024,9,WAS,WR,9.3
2024,9,WAS,TE,10.65
2024,10,WAS,QB,18.1
2024,10,WAS,RB,7.4
2024,10,WAS,WR,8.68
2024,10,WAS,TE,4.1
2024,11,WAS,QB,18.74
2024,11,WAS,RB,19.85
2024,11,WAS,WR,6.73
2024,11,WAS,TE,11.1
2024,12,WAS,QB,8.84
2024,12,WAS,RB,5.7
2024,12,WAS,WR,8.34
2024,12,WAS,TE,9.45
2024,13,WAS,QB,16.18
2024,13,WAS,RB,4.55
2024,13,WAS,WR,11.43
2024,13,WAS,TE,2.87
2024,14,WAS,QB,15.82
2024,14,WAS,RB,10.01
2024,14,WAS,WR,10.79
2024,14,WAS,TE,5.9
2024,15,WAS,QB,5.03
2024,15,WAS,RB,10.8
2024,15,WAS,WR,4.96
2024,15,WAS,TE,8.55
2024,16,WAS,QB,6.78
2024,16,WAS,RB,14.65
2024,16,WAS,WR,17.4
2024,16,WAS,TE,6.09
2024,17,WAS,QB,11.22
2024,17,WAS,RB,13.35
2024,17,WAS,WR,5.78
2024,17,WAS,TE,8.0
2024,1,HOU,QB,26.08
2024,1,HOU,RB,10.8
2024,1,HOU,WR,10.55
2024,1,HOU,TE,0.0
2024,2,HOU,QB,7.36
2024,2,HOU,RB,5.83
2024,2,HOU,WR,7.6
2024,2,HOU,TE,4.4
2024,3,HOU,QB,11.62
2024,3,HOU,RB,13.55
2024,3,HOU,WR,9.15
2024,3,HOU,TE,3.6
2024,4,HOU,QB,15.26
2024,4,HOU,RB,5.33
2024,4,HOU,WR,13.93
2024,4,HOU,TE,2.45
2024,5,HOU,QB,14.64
2024,5,HOU,RB,6.93
2024,5,HOU,WR,4.38
2024,5,HOU,TE,5.4
2024,6,HOU,QB,19.52
2024,6,HOU,RB,3.9
2024,6,HOU,WR,10.1
2024,6,HOU,TE,6.3
2024,7,HOU,QB,16.8
2024,7,HOU,RB,10.65
2024,7,HOU,WR,7.48
2024,7,HOU,TE,6.75
2024,8,HOU,QB,11.5
2024,8,HOU,RB,7.03
2024,8,HOU,WR,6.88
2024,8,HOU,TE,0.47
2024,9,HOU,QB,20.34
2024,9,HOU,RB,5.7
2024,9,HOU,WR,13.88
2024,9,HOU,TE,1.43
2024,10,HOU,QB,7.8
2024,10,HOU,RB,12.7
2024,10,HOU,WR,13.15
2024,10,HOU,TE,15.6
2024,11,HOU,QB,16.36
2024,11,HOU,RB,4.5
2024,11,HOU,WR,8.84
2024,11,HOU,TE,7.3
2024,12,HOU,QB,16.12
2024,12,HOU,RB,11.7
2024,12,HOU,WR,12.87
2024,12,HOU,TE,7.0
2024,13,HOU,QB,10.12
2024,13,HOU,RB,6.65
2024,13,HOU,WR,15.77
2024,13,HOU,TE,4.5
2024,14,HOU,QB,15.82
2024,14,HOU,RB,10.01
2024,14,HOU,WR,10.79
2024,14,HOU,TE,5.9
2024,15,HOU,QB,3.84
2024,15,HOU,RB,6.67
2024,15,HOU,WR,3.64
2024,15,HOU,TE,10.8
2024,16,HOU,QB,23.7
2024,16,HOU,RB,9.13
2024,16,HOU,WR,7.54
2024,16,HOU,TE,5.0
2024,17,HOU,QB,15.03
2024,17,HOU,RB,10.0
2024,17,HOU,WR,2.22
2024,17,HOU,TE,11.35
2024,1,KC,QB,25.12
2024,1,KC,RB,11.05
2024,1,KC,WR,6.67
2024,1,KC,TE,14.75
2024,2,KC,QB,17.22
2024,2,KC,RB,4.4
2024,2,KC,WR,7.35
2024,2,KC,TE,9.7
2024,3,KC,QB,11.1
2024,3,KC,RB,8.2
2024,3,KC,WR,13.0
2024,3,KC,TE,7.9
2024,4,KC,QB,11.16
2024,4,KC,RB,5.55
2024,4,KC,WR,8.87
2024,4,KC,TE,3.0
2024,5,KC,QB,7.19
2024,5,KC,RB,6.75
2024,5,KC,WR,7.6
2024,5,KC,TE,8.7
2024,6,KC,QB,15.72
2024,6,KC,RB,9.23
2024,6,KC,WR,8.85
2024,6,KC,TE,7.28
2024,7,KC,QB,17.18
2024,7,KC,RB,5.3
2024,7,KC,WR,3.68
2024,7,KC,TE,15.2
2024,8,KC,QB,14.96
2024,8,KC,RB,3.8
2024,8,KC,WR,11.9
2024,8,KC,TE,6.25
2024,9,KC,QB,18.0
2024,9,KC,RB,7.2
2024,9,KC,WR,6.3
2024,9,KC,TE,21.7
2024,10,KC,QB,16.1
2024,10,KC,RB,3.07
2024,10,KC,WR,9.22
2024,10,KC,TE,4.25
2024,11,KC,QB,23.98
2024,11,KC,RB,7.53
2024,11,KC,WR,11.0
2024,11,KC,TE,3.17
2024,12,KC,QB,16.52
2024,12,KC,RB,7.85
2024,12,KC,WR,10.68
2024,12,KC,TE,4.7
2024,13,KC,QB,19.6
2024,13,KC,RB,7.9
2024,13,KC,WR,8.27
2024,13,KC,TE,15.85
2024,14,KC,QB,7.46
2024,14,KC,RB,6.5
2024,14,KC,WR,7.0
2024,14,KC,TE,4.43
2024,15,KC,QB,-0.02
2024,15,KC,RB,10.25
2024,15,KC,WR,6.6
2024,15,KC,TE,3.0
2024,16,KC,QB,16.06
2024,16,KC,RB,2.83
2024,16,KC,WR,10.38
2024,16,KC,TE,15.5
2024,17,KC,QB,17.7
2024,17,KC,RB,8.83
2024,17,KC,WR,3.78
2024,17,KC,TE,4.87
2024,1,TEN,QB,7.22
2024,1,TEN,RB,2.32
2024,1,TEN,WR,5.15
2024,1,TEN,TE,1.15
2024,2,TEN,QB,15.14
2024,2,TEN,RB,22.0
2024,2,TEN,WR,4.4
2024,2,TEN,TE,1.0
2024,3,TEN,QB,25.38
2024,3,TEN,RB,7.53
2024,3,TEN,WR,5.6
2024,3,TEN,TE,2.85
2024,4,TEN,QB,11.84
2024,4,TEN,RB,4.55
2024,4,TEN,WR,5.28
2024,4,TEN,TE,0.0
2024,5,TEN,QB,15.87
2024,5,TEN,RB,9.64
2024,5,TEN,WR,10.22
2024,5,TEN,TE,8.26
2024,6,TEN,QB,13.66
2024,6,TEN,RB,6.7
2024,6,TEN,WR,6.98
2024,6,TEN,TE,3.12
2024,7,TEN,QB,21.02
2024,7,TEN,RB,9.43
2024,7,TEN,WR,9.32
2024,7,TEN,TE,4.85
2024,8,TEN,QB,7.87
2024,8,TEN,RB,11.84
2024,8,TEN,WR,5.34
2024,8,TEN,TE,12.3
2024,9,TEN,QB,15.74
2024,9,TEN,RB,8.4
2024,9,TEN,WR,5.6
2024,9,TEN,TE,5.17
2024,10,TEN,QB,19.76
2024,10,TEN,RB,6.8
2024,10,TEN,WR,5.06
2024,10,TEN,TE,4.0
2024,11,TEN,QB,23.64
2024,11,TEN,RB,8.45
2024,11,TEN,WR,6.82
2024,11,TEN,TE,4.0
2024,12,TEN,QB,15.68
2024,12,TEN,RB,9.5
2024,12,TEN,WR,6.76
2024,12,TEN,TE,7.8
2024,13,TEN,QB,27.64
2024,13,TEN,RB,12.17
2024,13,TEN,WR,9.72
2024,13,TEN,TE,6.9
2024,14,TEN,QB,5.1
2024,14,TEN,RB,12.1
2024,14,TEN,WR,7.73
2024,14,TEN,TE,5.2
2024,15,TEN,QB,16.84
2024,15,TEN,RB,13.35
2024,15,TEN,WR,13.23
2024,15,TEN,TE,3.4
2024,16,TEN,QB,20.24
2024,16,TEN,RB,14.83
2024,16,TEN,WR,7.87
2024,16,TEN,TE,1.25
2024,17,TEN,QB,17.16
2024,17,TEN,RB,4.97
2024,17,TEN,WR,9.88
2024,17,TEN,TE,0.0
2024,1,SEA,QB,11.02
2024,1,SEA,RB,3.5
2024,1,SEA,WR,5.84
2024,1,SEA,TE,1.6
2024,2,SEA,QB,10.56
2024,2,SEA,RB,9.5
2024,2,SEA,WR,5.45
2024,2,SEA,TE,10.2
2024,3,SEA,QB,4.02
2024,3,SEA,RB,3.97
2024,3,SEA,WR,3.12
2024,3,SEA,TE,3.17
2024,4,SEA,QB,27.18
2024,4,SEA,RB,17.4
2024,4,SEA,WR,11.47
2024,4,SEA,TE,6.3
2024,5,SEA,QB,22.08
2024,5,SEA,RB,10.2
2024,5,SEA,WR,16.07
2024,5,SEA,TE,9.8
2024,6,SEA,QB,24.1
2024,6,SEA,RB,7.63
2024,6,SEA,WR,10.7
2024,6,SEA,TE,22.8
2024,7,SEA,QB,3.87
2024,7,SEA,RB,10.17
2024,7,SEA,WR,8.3
2024,7,SEA,TE,13.5
2024,8,SEA,QB,9.76
2024,8,SEA,RB,10.4
2024,8,SEA,WR,13.07
2024,8,SEA,TE,10.05
2024,9,SEA,QB,17.92
2024,9,SEA,RB,5.2
2024,9,SEA,WR,12.06
2024,9,SEA,TE,1.45
2024,10,SEA,QB,13.22
2024,10,SEA,RB,8.59
2024,10,SEA,WR,8.35
2024,10,SEA,TE,6.29
2024,11,SEA,QB,18.36
2024,11,SEA,RB,7.95
2024,11,SEA,WR,10.4
2024,11,SEA,TE,1.7
2024,12,SEA,QB,10.3
2024,12,SEA,RB,4.37
2024,12,SEA,WR,5.53
2024,12,SEA,TE,13.4
2024,13,SEA,QB,14.0
2024,13,SEA,RB,7.22
2024,13,SEA,WR,7.1
2024,13,SEA,TE,4.25
2024,14,SEA,QB,17.96
2024,14,SEA,RB,10.2
2024,14,SEA,WR,6.6
2024,14,SEA,TE,8.2
2024,15,SEA,QB,17.56
2024,15,SEA,RB,8.33
2024,15,SEA,WR,10.52
2024,15,SEA,TE,5.4
2024,16,SEA,QB,22.94
2024,16,SEA,RB,6.3
2024,16,SEA,WR,17.47
2024,16,SEA,TE,2.35
2024,17,SEA,QB,6.58
2024,17,SEA,RB,6.3
2024,17,SEA,WR,7.4
2024,17,SEA,TE,0.0
2024,1,MIA,QB,11.28
2024,1,MIA,RB,9.6
2024,1,MIA,WR,5.9
2024,1,MIA,TE,1.5
2024,2,MIA,QB,4.78
2024,2,MIA,RB,12.17
2024,2,MIA,WR,2.38
2024,2,MIA,TE,7.3
2024,3,MIA,QB,11.36
2024,3,MIA,RB,13.4
2024,3,MIA,WR,9.52
2024,3,MIA,TE,6.07
2024,4,MIA,QB,1.45
2024,4,MIA,RB,15.35
2024,4,MIA,WR,3.75
2024,4,MIA,TE,1.5
2024,5,MIA,QB,7.4
2024,5,MIA,RB,12.9
2024,5,MIA,WR,5.3
2024,5,MIA,TE,3.55
2024,6,MIA,QB,15.72
2024,6,MIA,RB,9.23
2024,6,MIA,WR,8.85
2024,6,MIA,TE,7.28
2024,7,MIA,QB,8.76
2024,7,MIA,RB,8.5
2024,7,MIA,WR,4.06
2024,7,MIA,TE,0.38
2024,8,MIA,QB,22.18
2024,8,MIA,RB,5.3
2024,8,MIA,WR,10.1
2024,8,MIA,TE,12.35
2024,9,MIA,QB,22.1
2024,9,MIA,RB,10.4
2024,9,MIA,WR,7.52
2024,9,MIA,TE,5.3
2024,10,MIA,QB,9.72
2024,10,MIA,RB,6.85
2024,10,MIA,WR,8.84
2024,10,MIA,TE,8.4
2024,11,MIA,QB,17.98
2024,11,MIA,RB,7.17
2024,11,MIA,WR,5.3
2024,11,MIA,TE,16.4
2024,12,MIA,QB,13.48
2024,12,MIA,RB,4.1
2024,12,MIA,WR,4.12
2024,12,MIA,TE,12.65
2024,13,MIA,QB,18.96
2024,13,MIA,RB,9.53
2024,13,MIA,WR,11.8
2024,13,MIA,TE,13.8
2024,14,MIA,QB,17.56
2024,14,MIA,RB,13.9
2024,14,MIA,WR,15.7
2024,14,MIA,TE,3.15
2024,15,MIA,QB,11.64
2024,15,MIA,RB,7.05
2024,15,MIA,WR,6.6
2024,15,MIA,TE,3.3
2024,16,MIA,QB,21.12
2024,16,MIA,RB,3.5
2024,16,MIA,WR,13.97
2024,16,MIA,TE,12.9
2024,17,MIA,QB,3.8
2024,17,MIA,RB,4.97
2024,17,MIA,WR,5.95
2024,17,MIA,TE,6.35
2024,1,NO,QB,4.82
2024,1,NO,RB,1.43
2024,1,NO,WR,5.2
2024,1,NO,TE,0.7
2024,2,NO,QB,6.58
2024,2,NO,RB,5.93
2024,2,NO,WR,8.28
2024,2,NO,TE,5.15
2024,3,NO,QB,10.94
2024,3,NO,RB,18.4
2024,3,NO,WR,5.0
2024,3,NO,TE,27.0
2024,4,NO,QB,7.52
2024,4,NO,RB,10.7
2024,4,NO,WR,9.55
2024,4,NO,TE,0.0
2024,5,NO,QB,13.44
2024,5,NO,RB,7.77
2024,5,NO,WR,13.03
2024,5,NO,TE,7.47
2024,6,NO,QB,25.9
2024,6,NO,RB,26.35
2024,6,NO,WR,10.84
2024,6,NO,TE,9.5
2024,7,NO,QB,6.93
2024,7,NO,RB,10.17
2024,7,NO,WR,5.0
2024,7,NO,TE,3.55
2024,8,NO,QB,24.06
2024,8,NO,RB,6.13
2024,8,NO,WR,10.95
2024,8,NO,TE,4.55
2024,9,NO,QB,9.74
2024,9,NO,RB,11.1
2024,9,NO,WR,4.66
2024,9,NO,TE,12.7
2024,10,NO,QB,10.24
2024,10,NO,RB,17.65
2024,10,NO,WR,12.97
2024,10,NO,TE,4.75
2024,11,NO,QB,13.3
2024,11,NO,RB,4.47
2024,11,NO,WR,10.78
2024,11,NO,TE,11.0
2024,12,NO,QB,15.53
2024,12,NO,RB,8.86
2024,12,NO,WR,8.66
2024,12,NO,TE,7.13
2024,13,NO,QB,15.62
2024,13,NO,RB,11.25
2024,13,NO,WR,8.16
2024,13,NO,TE,1.15
2024,14,NO,QB,14.98
2024,14,NO,RB,10.05
2024,14,NO,WR,6.85
2024,14,NO,TE,9.5
2024,15,NO,QB,23.64
2024,15,NO,RB,4.43
2024,15,NO,WR,9.12
2024,15,NO,TE,2.6
2024,16,NO,QB,6.32
2024,16,NO,RB,14.27
2024,16,NO,WR,5.82
2024,16,NO,TE,4.75
2024,17,NO,QB,17.58
2024,17,NO,RB,7.7
2024,17,NO,WR,10.6
2024,17,NO,TE,8.5
2024,1,LV,QB,10.36
2024,1,LV,RB,13.35
2024,1,LV,WR,6.52
2024,1,LV,TE,3.8
2024,2,LV,QB,16.38
2024,2,LV,RB,10.9
2024,2,LV,WR,10.47
2024,2,LV,TE,5.03
2024,3,LV,QB,24.56
2024,3,LV,RB,19.45
2024,3,LV,WR,12.6
2024,3,LV,TE,2.95
2024,4,LV,QB,12.24
2024,4,LV,RB,8.6
2024,4,LV,WR,6.02
2024,4,LV,TE,6.15
2024,5,LV,QB,23.14
2024,5,LV,RB,13.8
2024,5,LV,WR,5.26
2024,5,LV,TE,2.07
2024,6,LV,QB,23.7
2024,6,LV,RB,6.52
2024,6,LV,WR,6.95
2024,6,LV,TE,2.3
2024,7,LV,QB,3.96
2024,7,LV,RB,10.35
2024,7,LV,WR,6.42
2024,7,LV,TE,3.35
2024,8,LV,QB,18.18
2024,8,LV,RB,6.9
2024,8,LV,WR,6.68
2024,8,LV,TE,10.1
2024,9,LV,QB,14.52
2024,9,LV,RB,26.7
2024,9,LV,WR,5.3
2024,9,LV,TE,11.55
2024,10,LV,QB,13.22
2024,10,LV,RB,8.59
2024,10,LV,WR,8.35
2024,10,LV,TE,6.29
2024,11,LV,QB,23.52
2024,11,LV,RB,7.3
2024,11,LV,WR,8.23
2024,11,LV,TE,11.4
2024,12,LV,QB,19.42
2024,12,LV,RB,2.77
2024,12,LV,WR,11.68
2024,12,LV,TE,1.3
2024,13,LV,QB,16.64
2024,13,LV,RB,3.97
2024,13,LV,WR,8.25
2024,13,LV,TE,11.8
2024,14,LV,QB,19.0
2024,14,LV,RB,10.8
2024,14,LV,WR,14.37
2024,14,LV,TE,10.0
2024,15,LV,QB,6.48
2024,15,LV,RB,9.4
2024,15,LV,WR,5.57
2024,15,LV,TE,4.75
2024,16,LV,QB,13.88
2024,16,LV,RB,5.87
2024,16,LV,WR,10.23
2024,16,LV,TE,2.13
2024,17,LV,QB,13.32
2024,17,LV,RB,3.77
2024,17,LV,WR,3.42
2024,17,LV,TE,13.15
2024,1,TB,QB,28.16
2024,1,TB,RB,14.05
2024,1,TB,WR,3.12
2024,1,TB,TE,2.9
2024,2,TB,QB,8.78
2024,2,TB,RB,12.43
2024,2,TB,WR,9.24
2024,2,TB,TE,3.3
2024,3,TB,QB,19.34
2024,3,TB,RB,7.17
2024,3,TB,WR,6.82
2024,3,TB,TE,1.95
2024,4,TB,QB,16.32
2024,4,TB,RB,7.25
2024,4,TB,WR,4.1
2024,4,TB,TE,6.07
2024,5,TB,QB,34.36
2024,5,TB,RB,8.1
2024,5,TB,WR,23.05
2024,5,TB,TE,15.8
2024,6,TB,QB,12.42
2024,6,TB,RB,7.3
2024,6,TB,WR,6.12
2024,6,TB,TE,7.6
2024,7,TB,QB,34.44
2024,7,TB,RB,19.5
2024,7,TB,WR,9.7
2024,7,TB,TE,8.73
2024,8,TB,QB,28.64
2024,8,TB,RB,13.45
2024,8,TB,WR,10.53
2024,8,TB,TE,13.7
2024,9,TB,QB,24.54
2024,9,TB,RB,11.03
2024,9,TB,WR,9.9
2024,9,TB,TE,7.97
2024,10,TB,QB,23.82
2024,10,TB,RB,5.73
2024,10,TB,WR,15.4
2024,10,TB,TE,14.7
2024,11,TB,QB,17.48
2024,11,TB,RB,8.57
2024,11,TB,WR,8.81
2024,11,TB,TE,6.57
2024,12,TB,QB,5.44
2024,12,TB,RB,6.87
2024,12,TB,WR,7.37
2024,12,TB,TE,6.9
2024,13,TB,QB,23.62
2024,13,TB,RB,4.7
2024,13,TB,WR,10.95
2024,13,TB,TE,4.23
2024,14,TB,QB,5.55
2024,14,TB,RB,5.85
2024,14,TB,WR,6.0
2024,14,TB,TE,11.0
2024,15,TB,QB,6.98
2024,15,TB,RB,3.25
2024,15,TB,WR,9.73
2024,15,TB,TE,4.85
2024,16,TB,QB,15.28
2024,16,TB,RB,7.1
2024,16,TB,WR,9.04
2024,16,TB,TE,5.65
2024,17,TB,QB,16.92
2024,17,TB,RB,1.03
2024,17,TB,WR,9.16
2024,17,TB,TE,1.5
2024,1,DET,QB,14.68
2024,1,DET,RB,8.0
2024,1,DET,WR,15.32
2024,1,DET,TE,4.35
2024,2,DET,QB,18.8
2024,2,DET,RB,2.75
2024,2,DET,WR,11.67
2024,2,DET,TE,-0.4
2024,3,DET,QB,14.78
2024,3,DET,RB,1.67
2024,3,DET,WR,12.77
2024,3,DET,TE,3.8
2024,4,DET,QB,21.6
2024,4,DET,RB,22.0
2024,4,DET,WR,9.68
2024,4,DET,TE,5.53
2024,5,DET,QB,15.87
2024,5,DET,RB,9.64
2024,5,DET,WR,10.22
2024,5,DET,TE,8.26
2024,6,DET,QB,1.63
2024,6,DET,RB,6.1
2024,6,DET,WR,6.42
2024,6,DET,TE,4.1
2024,7,DET,QB,16.26
2024,7,DET,RB,10.5
2024,7,DET,WR,14.2
2024,7,DET,TE,3.15
2024,8,DET,QB,19.54
2024,8,DET,RB,8.95
2024,8,DET,WR,9.73
2024,8,DET,TE,2.23
2024,9,DET,QB,10.92
2024,9,DET,RB,9.93
2024,9,DET,WR,6.94
2024,9,DET,TE,7.6
2024,10,DET,QB,9.78
2024,10,DET,RB,9.05
2024,10,DET,WR,7.6
2024,10,DET,TE,5.4
2024,11,DET,QB,4.22
2024,11,DET,RB,3.3
2024,11,DET,WR,4.22
2024,11,DET,TE,3.57
2024,12,DET,QB,12.98
2024,12,DET,RB,3.5
2024,12,DET,WR,5.64
2024,12,DET,TE,0.0
2024,13,DET,QB,26.14
2024,13,DET,RB,9.4
2024,13,DET,WR,17.5
2024,13,DET,TE,5.6
2024,14,DET,QB,14.54
2024,14,DET,RB,8.53
2024,14,DET,WR,7.43
2024,14,DET,TE,7.15
2024,15,DET,QB,41.28
2024,15,DET,RB,18.17
2024,15,DET,WR,6.52
2024,15,DET,TE,7.75
2024,16,DET,QB,22.76
2024,16,DET,RB,4.3
2024,16,DET,WR,13.2
2024,16,DET,TE,5.25
2024,17,DET,QB,19.19
2024,17,DET,RB,13.9
2024,17,DET,WR,13.45
2024,17,DET,TE,19.2
2024,1,NYG,QB,14.62
2024,1,NYG,RB,8.6
2024,1,NYG,WR,10.5
2024,1,NYG,TE,4.1
2024,2,NYG,QB,13.44
2024,2,NYG,RB,13.05
2024,2,NYG,WR,6.23
2024,2,NYG,TE,5.85
2024,3,NYG,QB,8.27
2024,3,NYG,RB,5.25
2024,3,NYG,WR,10.35
2024,3,NYG,TE,6.9
2024,4,NYG,QB,16.74
2024,4,NYG,RB,8.25
2024,4,NYG,WR,10.53
2024,4,NYG,TE,11.9
2024,5,NYG,QB,22.56
2024,5,NYG,RB,10.3
2024,5,NYG,WR,8.35
2024,5,NYG,TE,3.13
2024,6,NYG,QB,19.82
2024,6,NYG,RB,7.45
2024,6,NYG,WR,10.83
2024,6,NYG,TE,3.0
2024,7,NYG,QB,11.38
2024,7,NYG,RB,11.97
2024,7,NYG,WR,5.18
2024,7,NYG,TE,1.5
2024,8,NYG,QB,13.82
2024,8,NYG,RB,12.0
2024,8,NYG,WR,10.5
2024,8,NYG,TE,3.27
2024,9,NYG,QB,19.86
2024,9,NYG,RB,8.17
2024,9,NYG,WR,9.27
2024,9,NYG,TE,1.85
2024,10,NYG,QB,12.04
2024,10,NYG,RB,12.7
2024,10,NYG,WR,5.97
2024,10,NYG,TE,5.05
2024,11,NYG,QB,17.48
2024,11,NYG,RB,8.57
2024,11,NYG,WR,8.81
2024,11,NYG,TE,6.57
2024,12,NYG,QB,18.66
2024,12,NYG,RB,15.63
2024,12,NYG,WR,4.95
2024,12,NYG,TE,3.8
2024,13,NYG,QB,11.8
2024,13,NYG,RB,10.85
2024,13,NYG,WR,5.72
2024,13,NYG,TE,8.3
2024,14,NYG,QB,5.93
2024,14,NYG,RB,8.53
2024,14,NYG,WR,3.35
2024,14,NYG,TE,7.67
2024,15,NYG,QB,18.0
2024,15,NYG,RB,9.23
2024,15,NYG,WR,9.76
2024,15,NYG,TE,7.05
2024,16,NYG,QB,6.38
2024,16,NYG,RB,14.2
2024,16,NYG,WR,8.12
2024,16,NYG,TE,0.85
2024,17,NYG,QB,15.3
2024,17,NYG,RB,14.8
2024,17,NYG,WR,14.88
2024,17,NYG,TE,3.2
2024,1,BUF,QB,14.18
2024,1,BUF,RB,8.18
2024,1,BUF,WR,6.67
2024,1,BUF,TE,5.6
2024,2,BUF,QB,4.55
2024,2,BUF,RB,11.03
2024,2,BUF,WR,3.78
2024,2,BUF,TE,4.37
2024,3,BUF,QB,4.15
2024,3,BUF,RB,4.87
2024,3,BUF,WR,6.84
2024,3,BUF,TE,4.03
2024,4,BUF,QB,11.84
2024,4,BUF,RB,28.75
2024,4,BUF,WR,2.77
2024,4,BUF,TE,1.8
2024,5,BUF,QB,15.94
2024,5,BUF,RB,13.7
2024,5,BUF,WR,10.6
2024,5,BUF,TE,5.0
2024,6,BUF,QB,17.76
2024,6,BUF,RB,11.35
2024,6,BUF,WR,16.03
2024,6,BUF,TE,2.85
2024,7,BUF,QB,9.9
2024,7,BUF,RB,5.95
2024,7,BUF,WR,6.58
2024,7,BUF,TE,7.3
2024,8,BUF,QB,8.08
2024,8,BUF,RB,9.95
2024,8,BUF,WR,4.82
2024,8,BUF,TE,5.3
2024,9,BUF,QB,17.54
2024,9,BUF,RB,14.23
2024,9,BUF,WR,6.25
2024,9,BUF,TE,5.5
2024,10,BUF,QB,10.88
2024,10,BUF,RB,8.17
2024,10,BUF,WR,11.52
2024,10,BUF,TE,2.23
2024,11,BUF,QB,15.84
2024,11,BUF,RB,3.5
2024,11,BUF,WR,6.64
2024,11,BUF,TE,7.73
2024,12,BUF,QB,15.53
2024,12,BUF,RB,8.86
2024,12,BUF,WR,8.66
2024,12,BUF,TE,7.13
2024,13,BUF,QB,2.16
2024,13,BUF,RB,8.37
2024,13,BUF,WR,4.87
2024,13,BUF,TE,1.7
2024,14,BUF,QB,20.8
2024,14,BUF,RB,13.55
2024,14,BUF,WR,17.38
2024,14,BUF,TE,4.05
2024,15,BUF,QB,41.06
2024,15,BUF,RB,17.95
2024,15,BUF,WR,15.75
2024,15,BUF,TE,18.1
2024,16,BUF,QB,17.44
2024,16,BUF,RB,8.95
2024,16,BUF,WR,8.05
2024,16,BUF,TE,11.7
2024,17,BUF,QB,7.2
2024,17,BUF,RB,4.73
2024,17,BUF,WR,9.73
2024,17,BUF,TE,10.85
2024,1,DEN,QB,17.84
2024,1,DEN,RB,15.5
2024,1,DEN,WR,4.92
2024,1,DEN,TE,3.1
2024,2,DEN,QB,11.38
2024,2,DEN,RB,5.6
2024,2,DEN,WR,3.3
2024,2,DEN,TE,7.7
2024,3,DEN,QB,8.52
2024,3,DEN,RB,6.77
2024,3,DEN,WR,5.65
2024,3,DEN,TE,5.75
2024,4,DEN,QB,11.6
2024,4,DEN,RB,4.7
2024,4,DEN,WR,7.55
2024,4,DEN,TE,4.35
2024,5,DEN,QB,4.72
2024,5,DEN,RB,12.1
2024,5,DEN,WR,6.83
2024,5,DEN,TE,23.7
2024,6,DEN,QB,13.68
2024,6,DEN,RB,10.6
2024,6,DEN,WR,5.78
2024,6,DEN,TE,4.3
2024,7,DEN,QB,5.9
2024,7,DEN,RB,5.27
2024,7,DEN,WR,11.63
2024,7,DEN,TE,5.3
2024,8,DEN,QB,13.56
2024,8,DEN,RB,10.3
2024,8,DEN,WR,9.77
2024,8,DEN,TE,2.5
2024,9,DEN,QB,11.9
2024,9,DEN,RB,17.55
2024,9,DEN,WR,13.03
2024,9,DEN,TE,2.3
2024,10,DEN,QB,16.54
2024,10,DEN,RB,7.67
2024,10,DEN,WR,3.12
2024,10,DEN,TE,8.6
2024,11,DEN,QB,2.94
2024,11,DEN,RB,4.23
2024,11,DEN,WR,5.72
2024,11,DEN,TE,1.7
2024,12,DEN,QB,6.28
2024,12,DEN,RB,10.4
2024,12,DEN,WR,13.27
2024,12,DEN,TE,5.45
2024,13,DEN,QB,32.98
2024,13,DEN,RB,9.85
2024,13,DEN,WR,14.08
2024,13,DEN,TE,8.73
2024,14,DEN,QB,15.82
2024,14,DEN,RB,10.01
2024,14,DEN,WR,10.79
2024,14,DEN,TE,5.9
2024,15,DEN,QB,14.38
2024,15,DEN,RB,5.2
2024,15,DEN,WR,3.26
2024,15,DEN,TE,3.85
2024,16,DEN,QB,22.16
2024,16,DEN,RB,11.47
2024,16,DEN,WR,9.85
2024,16,DEN,TE,3.5
2024,17,DEN,QB,36.98
2024,17,DEN,RB,7.7
2024,17,DEN,WR,22.73
2024,17,DEN,TE,7.2
2024,1,LAC,QB,10.78
2024,1,LAC,RB,10.4
2024,1,LAC,WR,6.6
2024,1,LAC,TE,7.05
2024,2,LAC,QB,1.96
2024,2,LAC,RB,8.55
2024,2,LAC,WR,2.4
2024,2,LAC,TE,4.05
2024,3,LAC,QB,18.4
2024,3,LAC,RB,7.5
2024,3,LAC,WR,11.77
2024,3,LAC,TE,4.25
2024,4,LAC,QB,13.0
2024,4,LAC,RB,5.83
2024,4,LAC,WR,7.0
2024,4,LAC,TE,11.95
2024,5,LAC,QB,15.87
2024,5,LAC,RB,9.64
2024,5,LAC,WR,10.22
2024,5,LAC,TE,8.26
2024,6,LAC,QB,20.74
2024,6,LAC,RB,3.47
2024,6,LAC,WR,8.1
2024,6,LAC,TE,2.3
2024,7,LAC,QB,10.2
2024,7,LAC,RB,9.3
2024,7,LAC,WR,3.78
2024,7,LAC,TE,4.1
2024,8,LAC,QB,6.06
2024,8,LAC,RB,6.73
2024,8,LAC,WR,8.9
2024,8,LAC,TE,4.67
2024,9,LAC,QB,10.1
2024,9,LAC,RB,2.33
2024,9,LAC,WR,13.2
2024,9,LAC,TE,7.05
2024,10,LAC,QB,19.1
2024,10,LAC,RB,9.2
2024,10,LAC,WR,11.93
2024,10,LAC,TE,1.2
2024,11,LAC,QB,29.04
2024,11,LAC,RB,19.3
2024,11,LAC,WR,16.42
2024,11,LAC,TE,1.6
2024,12,LAC,QB,22.58
2024,12,LAC,RB,14.1
2024,12,LAC,WR,6.5
2024,12,LAC,TE,8.6
2024,13,LAC,QB,2.1
2024,13,LAC,RB,14.35
2024,13,LAC,WR,11.87
2024,13,LAC,TE,0.75
2024,14,LAC,QB,14.1
2024,14,LAC,RB,4.97
2024,14,LAC,WR,9.3
2024,14,LAC,TE,5.37
2024,15,LAC,QB,28.02
2024,15,LAC,RB,9.7
2024,15,LAC,WR,14.78
2024,15,LAC,TE,4.4
2024,16,LAC,QB,21.02
2024,16,LAC,RB,8.8
2024,16,LAC,WR,8.52
2024,16,LAC,TE,3.47
2024,17,LAC,QB,4.9
2024,17,LAC,RB,3.2
2024,17,LAC,WR,5.12
2024,17,LAC,TE,2.45
2024,1,NE,QB,8.06
2024,1,NE,RB,9.7
2024,1,NE,WR,5.22
2024,1,NE,TE,3.3
2024,2,NE,QB,17.88
2024,2,NE,RB,17.9
2024,2,NE,WR,12.24
2024,2,NE,TE,2.4
2024,3,NE,QB,21.04
2024,3,NE,RB,9.57
2024,3,NE,WR,9.52
2024,3,NE,TE,8.9
2024,4,NE,QB,14.62
2024,4,NE,RB,12.0
2024,4,NE,WR,7.2
2024,4,NE,TE,14.5
2024,5,NE,QB,6.46
2024,5,NE,RB,7.7
2024,5,NE,WR,7.17
2024,5,NE,TE,5.55
2024,6,NE,QB,9.19
2024,6,NE,RB,10.65
2024,6,NE,WR,12.8
2024,6,NE,TE,3.35
2024,7,NE,QB,15.02
2024,7,NE,RB,16.9
2024,7,NE,WR,8.45
2024,7,NE,TE,8.5
2024,8,NE,QB,17.32
2024,8,NE,RB,9.55
2024,8,NE,WR,10.93
2024,8,NE,TE,8.8
2024,9,NE,QB,17.5
2024,9,NE,RB,10.3
2024,9,NE,WR,7.48
2024,9,NE,TE,6.77
2024,10,NE,QB,6.3
2024,10,NE,RB,4.3
2024,10,NE,WR,5.48
2024,10,NE,TE,3.3
2024,11,NE,QB,27.8
2024,11,NE,RB,6.2
2024,11,NE,WR,15.22
2024,11,NE,TE,8.9
2024,12,NE,QB,28.48
2024,12,NE,RB,7.53
2024,12,NE,WR,9.88
2024,12,NE,TE,9.1
2024,13,NE,QB,21.16
2024,13,NE,RB,17.3
2024,13,NE,WR,6.27
2024,13,NE,TE,2.1
2024,14,NE,QB,15.82
2024,14,NE,RB,10.01
2024,14,NE,WR,10.79
2024,14,NE,TE,5.9
2024,15,NE,QB,5.14
2024,15,NE,RB,11.5
2024,15,NE,WR,4.75
2024,15,NE,TE,7.33
2024,16,NE,QB,11.16
2024,16,NE,RB,11.5
2024,16,NE,WR,3.35
2024,16,NE,TE,4.85
2024,17,NE,QB,12.62
2024,17,NE,RB,7.57
2024,17,NE,WR,11.58
2024,17,NE,TE,3.4
2024,1,MIN,QB,4.94
2024,1,MIN,RB,4.47
2024,1,MIN,WR,7.25
2024,1,MIN,TE,2.05
2024,2,MIN,QB,13.96
2024,2,MIN,RB,8.7
2024,2,MIN,WR,8.35
2024,2,MIN,TE,12.6
2024,3,MIN,QB,6.48
2024,3,MIN,RB,4.3
2024,3,MIN,WR,9.5
2024,3,MIN,TE,3.1
2024,4,MIN,QB,28.16
2024,4,MIN,RB,7.25
2024,4,MIN,WR,11.13
2024,4,MIN,TE,10.8
2024,5,MIN,QB,11.76
2024,5,MIN,RB,5.25
2024,5,MIN,WR,15.67
2024,5,MIN,TE,11.5
2024,6,MIN,QB,15.72
2024,6,MIN,RB,9.23
2024,6,MIN,WR,8.85
2024,6,MIN,TE,7.28
2024,7,MIN,QB,18.8
2024,7,MIN,RB,20.0
2024,7,MIN,WR,10.8
2024,7,MIN,TE,3.5
2024,8,MIN,QB,24.76
2024,8,MIN,RB,12.7
2024,8,MIN,WR,11.22
2024,8,MIN,TE,3.25
2024,9,MIN,QB,3.06
2024,9,MIN,RB,5.6
2024,9,MIN,WR,5.28
2024,9,MIN,TE,3.2
2024,10,MIN,QB,5.24
2024,10,MIN,RB,2.85
2024,10,MIN,WR,3.05
2024,10,MIN,TE,6.03
2024,11,MIN,QB,15.6
2024,11,MIN,RB,3.85
2024,11,MIN,WR,9.8
2024,11,MIN,TE,2.37
2024,12,MIN,QB,26.9
2024,12,MIN,RB,8.85
2024,12,MIN,WR,19.8
2024,12,MIN,TE,13.4
2024,13,MIN,QB,15.2
2024,13,MIN,RB,5.2
2024,13,MIN,WR,10.07
2024,13,MIN,TE,9.27
2024,14,MIN,QB,9.76
2024,14,MIN,RB,16.2
2024,14,MIN,WR,16.77
2024,14,MIN,TE,2.25
2024,15,MIN,QB,5.07
2024,15,MIN,RB,5.3
2024,15,MIN,WR,10.65
2024,15,MIN,TE,2.4
2024,16,MIN,QB,21.36
2024,16,MIN,RB,7.03
2024,16,MIN,WR,11.05
2024,16,MIN,TE,6.67
2024,17,MIN,QB,14.0
2024,17,MIN,RB,9.9
2024,17,MIN,WR,7.36
2024,17,MIN,TE,4.35
2024,1,PHI,QB,8.2
2024,1,PHI,RB,9.6
2024,1,PHI,WR,13.1
2024,1,PHI,TE,2.85
2024,2,PHI,QB,17.54
2024,2,PHI,RB,11.85
2024,2,PHI,WR,14.23
2024,2,PHI,TE,5.0
2024,3,PHI,QB,7.98
2024,3,PHI,RB,8.3
2024,3,PHI,WR,6.25
2024,3,PHI,TE,1.2
2024,4,PHI,QB,28.88
2024,4,PHI,RB,8.53
2024,4,PHI,WR,11.2
2024,4,PHI,TE,11.2
2024,5,PHI,QB,15.87
2024,5,PHI,RB,9.64
2024,5,PHI,WR,10.22
2024,5,PHI,TE,8.26
2024,6,PHI,QB,8.42
2024,6,PHI,RB,5.97
2024,6,PHI,WR,3.02
2024,6,PHI,TE,8.1
2024,7,PHI,QB,3.75
2024,7,PHI,RB,3.73
2024,7,PHI,WR,4.62
2024,7,PHI,TE,2.1
2024,8,PHI,QB,12.86
2024,8,PHI,RB,9.65
2024,8,PHI,WR,6.72
2024,8,PHI,TE,8.75
2024,9,PHI,QB,19.56
2024,9,PHI,RB,2.6
2024,9,PHI,WR,5.32
2024,9,PHI,TE,6.5
2024,10,PHI,QB,-0.73
2024,10,PHI,RB,4.4
2024,10,PHI,WR,4.73
2024,10,PHI,TE,2.2
2024,11,PHI,QB,13.44
2024,11,PHI,RB,11.13
2024,11,PHI,WR,1.36
2024,11,PHI,TE,11.2
2024,12,PHI,QB,19.22
2024,12,PHI,RB,5.85
2024,12,PHI,WR,11.66
2024,12,PHI,TE,1.0
2024,13,PHI,QB,25.38
2024,13,PHI,RB,10.1
2024,13,PHI,WR,4.5
2024,13,PHI,TE,16.85
2024,14,PHI,QB,12.54
2024,14,PHI,RB,10.2
2024,14,PHI,WR,7.82
2024,14,PHI,TE,3.65
2024,15,PHI,QB,4.61
2024,15,PHI,RB,2.47
2024,15,PHI,WR,3.54
2024,15,PHI,TE,11.2
2024,16,PHI,QB,34.42
2024,16,PHI,RB,3.47
2024,16,PHI,WR,13.28
2024,16,PHI,TE,1.1
2024,17,PHI,QB,3.11
2024,17,PHI,RB,5.0
2024,17,PHI,WR,5.22
2024,17,PHI,TE,2.8
2024,1,ARI,QB,31.18
2024,1,ARI,RB,5.9
2024,1,ARI,WR,7.84
2024,1,ARI,TE,2.7
2024,2,ARI,QB,6.64
2024,2,ARI,RB,6.33
2024,2,ARI,WR,6.14
2024,2,ARI,TE,2.2
2024,3,ARI,QB,14.56
2024,3,ARI,RB,14.75
2024,3,ARI,WR,7.83
2024,3,ARI,TE,6.5
2024,4,ARI,QB,24.02
2024,4,ARI,RB,20.35
2024,4,ARI,WR,8.48
2024,4,ARI,TE,4.55
2024,5,ARI,QB,13.06
2024,5,ARI,RB,5.5
2024,5,ARI,WR,9.33
2024,5,ARI,TE,20.4
2024,6,ARI,QB,25.62
2024,6,ARI,RB,7.47
2024,6,ARI,WR,11.34
2024,6,ARI,TE,4.65
2024,7,ARI,QB,14.76
2024,7,ARI,RB,4.23
2024,7,ARI,WR,7.6
2024,7,ARI,TE,7.3
2024,8,ARI,QB,14.66
2024,8,ARI,RB,14.83
2024,8,ARI,WR,7.77
2024,8,ARI,TE,5.05
2024,9,ARI,QB,9.18
2024,9,ARI,RB,9.15
2024,9,ARI,WR,10.1
2024,9,ARI,TE,1.5
2024,10,ARI,QB,4.04
2024,10,ARI,RB,6.23
2024,10,ARI,WR,4.85
2024,10,ARI,TE,2.3
2024,11,ARI,QB,17.48
2024,11,ARI,RB,8.57
2024,11,ARI,WR,8.81
2024,11,ARI,TE,6.57
2024,12,ARI,QB,12.36
2024,12,ARI,RB,7.75
2024,12,ARI,WR,8.85
2024,12,ARI,TE,4.4
2024,13,ARI,QB,19.6
2024,13,ARI,RB,4.07
2024,13,ARI,WR,7.72
2024,13,ARI,TE,8.0
2024,14,ARI,QB,13.32
2024,14,ARI,RB,15.23
2024,14,ARI,WR,9.5
2024,14,ARI,TE,2.9
2024,15,ARI,QB,17.48
2024,15,ARI,RB,8.95
2024,15,ARI,WR,5.35
2024,15,ARI,TE,6.65
2024,16,ARI,QB,27.12
2024,16,ARI,RB,11.3
2024,16,ARI,WR,6.84
2024,16,ARI,TE,6.2
2024,17,ARI,QB,9.16
2024,17,ARI,RB,7.9
2024,17,ARI,WR,7.1
2024,17,ARI,TE,0.97
2024,1,JAX,QB,18.62
2024,1,JAX,RB,9.83
2024,1,JAX,WR,14.07
2024,1,JAX,TE,1.1
2024,2,JAX,QB,7.92
2024,2,JAX,RB,5.0
2024,2,JAX,WR,6.74
2024,2,JAX,TE,2.0
2024,3,JAX,QB,15.47
2024,3,JAX,RB,13.87
2024,3,JAX,WR,7.62
2024,3,JAX,TE,7.4
2024,4,JAX,QB,23.5
2024,4,JAX,RB,7.5
2024,4,JAX,WR,11.06
2024,4,JAX,TE,5.05
2024,5,JAX,QB,26.56
2024,5,JAX,RB,13.5
2024,5,JAX,WR,12.61
2024,5,JAX,TE,4.97
2024,6,JAX,QB,14.17
2024,6,JAX,RB,13.6
2024,6,JAX,WR,11.03
2024,6,JAX,TE,8.4
2024,7,JAX,QB,20.84
2024,7,JAX,RB,7.5
2024,7,JAX,WR,4.14
2024,7,JAX,TE,12.2
2024,8,JAX,QB,7.14
2024,8,JAX,RB,10.17
2024,8,JAX,WR,5.74
2024,8,JAX,TE,8.4
2024,9,JAX,QB,29.9
2024,9,JAX,RB,17.45
2024,9,JAX,WR,7.52
2024,9,JAX,TE,8.0
2024,10,JAX,QB,6.44
2024,10,JAX,RB,6.53
2024,10,JAX,WR,4.55
2024,10,JAX,TE,12.2
2024,11,JAX,QB,18.18
2024,11,JAX,RB,11.7
2024,11,JAX,WR,14.72
2024,11,JAX,TE,5.35
2024,12,JAX,QB,15.53
2024,12,JAX,RB,8.86
2024,12,JAX,WR,8.66
2024,12,JAX,TE,7.13
2024,13,JAX,QB,14.38
2024,13,JAX,RB,11.5
2024,13,JAX,WR,6.7
2024,13,JAX,TE,9.25
2024,14,JAX,QB,7.02
2024,14,JAX,RB,8.85
2024,14,JAX,WR,5.02
2024,14,JAX,TE,2.58
2024,15,JAX,QB,30.06
2024,15,JAX,RB,5.73
2024,15,JAX,WR,19.13
2024,15,JAX,TE,2.2
2024,16,JAX,QB,11.48
2024,16,JAX,RB,17.55
2024,16,JAX,WR,3.8
2024,16,JAX,TE,10.45
2024,17,JAX,QB,12.02
2024,17,JAX,RB,7.5
2024,17,JAX,WR,8.07
2024,17,JAX,TE,6.23
2024,1,CIN,QB,8.04
2024,1,CIN,RB,11.7
2024,1,CIN,WR,3.65
2024,1,CIN,TE,4.45
2024,2,CIN,QB,12.94
2024,2,CIN,RB,5.93
2024,2,CIN,WR,8.97
2024,2,CIN,TE,1.65
2024,3,CIN,QB,28.06
2024,3,CIN,RB,8.17
2024,3,CIN,WR,9.23
2024,3,CIN,TE,8.8
2024,4,CIN,QB,15.7
2024,4,CIN,RB,14.85
2024,4,CIN,WR,11.58
2024,4,CIN,TE,1.8
2024,5,CIN,QB,33.42
2024,5,CIN,RB,10.05
2024,5,CIN,WR,10.32
2024,5,CIN,TE,13.8
2024,6,CIN,QB,11.8
2024,6,CIN,RB,12.0
2024,6,CIN,WR,6.2
2024,6,CIN,TE,6.0
2024,7,CIN,QB,5.83
2024,7,CIN,RB,4.4
2024,7,CIN,WR,10.33
2024,7,CIN,TE,15.9
2024,8,CIN,QB,35.14
2024,8,CIN,RB,4.57
2024,8,CIN,WR,16.95
2024,8,CIN,TE,5.2
2024,9,CIN,QB,4.06
2024,9,CIN,RB,5.4
2024,9,CIN,WR,7.57
2024,9,CIN,TE,9.85
2024,10,CIN,QB,32.9
2024,10,CIN,RB,7.95
2024,10,CIN,WR,10.9
2024,10,CIN,TE,10.1
2024,11,CIN,QB,24.38
2024,11,CIN,RB,7.23
2024,11,CIN,WR,7.68
2024,11,CIN,TE,9.8
2024,12,CIN,QB,15.53
2024,12,CIN,RB,8.86
2024,12,CIN,WR,8.66
2024,12,CIN,TE,7.13
2024,13,CIN,QB,13.78
2024,13,CIN,RB,14.53
2024,13,CIN,WR,8.98
2024,13,CIN,TE,8.3
2024,14,CIN,QB,13.82
2024,14,CIN,RB,8.35
2024,14,CIN,WR,5.47
2024,14,CIN,TE,5.2
2024,15,CIN,QB,5.66
2024,15,CIN,RB,17.85
2024,15,CIN,WR,4.34
2024,15,CIN,TE,10.1
2024,16,CIN,QB,7.18
2024,16,CIN,RB,8.37
2024,16,CIN,WR,2.03
2024,16,CIN,TE,8.2
2024,17,CIN,QB,21.86
2024,17,CIN,RB,5.43
2024,17,CIN,WR,13.08
2024,17,CIN,TE,1.5
2024,1,GB,QB,16.42
2024,1,GB,RB,17.7
2024,1,GB,WR,9.58
2024,1,GB,TE,4.6
2024,2,GB,QB,9.86
2024,2,GB,RB,6.13
2024,2,GB,WR,7.0
2024,2,GB,TE,2.43
2024,3,GB,QB,13.6
2024,3,GB,RB,8.0
2024,3,GB,WR,7.35
2024,3,GB,TE,6.9
2024,4,GB,QB,20.5
2024,4,GB,RB,10.1
2024,4,GB,WR,9.86
2024,4,GB,TE,6.25
2024,5,GB,QB,12.4
2024,5,GB,RB,9.9
2024,5,GB,WR,10.7
2024,5,GB,TE,5.27
2024,6,GB,QB,11.96
2024,6,GB,RB,6.87
2024,6,GB,WR,3.68
2024,6,GB,TE,17.6
2024,7,GB,QB,5.34
2024,7,GB,RB,9.07
2024,7,GB,WR,3.13
2024,7,GB,TE,3.15
2024,8,GB,QB,23.32
2024,8,GB,RB,6.95
2024,8,GB,WR,8.38
2024,8,GB,TE,12.25
2024,9,GB,QB,9.6
2024,9,GB,RB,13.6
2024,9,GB,WR,6.0
2024,9,GB,TE,2.95
2024,10,GB,QB,13.22
2024,10,GB,RB,8.59
2024,10,GB,WR,8.35
2024,10,GB,TE,6.29
2024,11,GB,QB,16.24
2024,11,GB,RB,13.75
2024,11,GB,WR,11.43
2024,11,GB,TE,7.2
2024,12,GB,QB,8.46
2024,12,GB,RB,5.05
2024,12,GB,WR,4.03
2024,12,GB,TE,10.1
2024,13,GB,QB,25.2
2024,13,GB,RB,13.2
2024,13,GB,WR,9.08
2024,13,GB,TE,8.2
2024,14,GB,QB,22.02
2024,14,GB,RB,19.35
2024,14,GB,WR,15.2
2024,14,GB,TE,5.2
2024,15,GB,QB,1.81
2024,15,GB,RB,5.17
2024,15,GB,WR,7.27
2024,15,GB,TE,3.0
2024,16,GB,QB,4.92
2024,16,GB,RB,4.7
2024,16,GB,WR,2.53
2024,16,GB,TE,5.0
2024,17,GB,QB,24.78
2024,17,GB,RB,7.9
2024,17,GB,WR,18.4
2024,17,GB,TE,6.75
